Ticker,Sector,Industry,Close,PE Ratio,PB Ratio,Debt / Equity Ratio,ROE,EV/EBITDA,Capital Expenditure,Working Capital,Depreciation & Amortization,SUN 10 Year,Beta,Market Risk Premium,Dividend Per Share,Dividend Yield,Dividend Time,Payout Frequency,Expected Dividend Growth,EPS CAGR 5Y (%),Altman Z-Score,Total Assets,Retained Earnings,Market Cap,Cash & Equivalents,Account Receivable,Inventory,Total Current Asset,Total Current Liabilities,Revenue,Cost of Revenue,Gross Profit,EBIT,Net Income,Total Liabilities,Long Term Liabilities,Shareholders Equity,Interest Expense,Operating Cash Flow,Investing Cash Flow,Financing Cash Flow,Interest Coverage Ratio,Free Cash Flow,Trend (MA),MA200 Status,Sinyal Teknikal,RSI (14),MACD Line,MACD Signal,Flow 1D,Flow 2D,Flow 3D,Flow 4D,Flow 1W,Flow 1M,Flow 3M,Flow 6M,Flow 1M Raw
AADI,Energy,Thermal Coal,11725.0,6.34,1.3,0.26,0.233,4.16,-5229560000000.0,33110000000000.0,2170000000000.0,0.0715,,0.22,1061.64,0.09050000000000001,JUN & NOV,Semi-Annual,0.10279959999999999,0.0,2.92,6321000000.0,1087000000.0,91300000000000.0,1199000000.0,628430000.0,170670000.0,3013000000.0,1162000000.0,90470000000000.0,3708000000.0,24130000000000.0,19730000000000.0,14410000000000.0,2387000000.0,891590000.0,3934000000.0,-38060000.0,766890000.0,-389650000.0,-597610000.0,28.98,8490000000000.0,UPTREND,ABOVE MA200,TERKONFIRMASI,55.38,253.37,277.46,-1.75 B,-1.87 B,-450.14 M,+2.67 B,+6.00 B,-13.19 B,+44.96 B,-60.37 B,-13190560000.0
ADRO,Energy,Thermal Coal,2550.0,7.06,0.8,0.38,0.1234,5.1,-8505160000000.0,31230000000000.0,3430000000000.0,0.0715,-0.11,0.22,275.47,0.10800000000000001,MAY & DEC,Semi-Annual,0.028542419999999992,-7.79,2.22,7805000000.0,3403000000.0,73440000000000.0,978220000.0,423740000.0,505130000.0,2656000000.0,910090000.0,36050000000000.0,1240000000.0,13860000000000.0,12220000000000.0,10410000000000.0,2677000000.0,956160000.0,5127000000.0,-37140000.0,218050000.0,-320710000.0,48060000.0,18.39,-4604540000000.0,DOWNTREND,ABOVE MA200,DEATH CROSS 🩸,47.52,-16.95,-17.26,-711.08 M,-711.08 M,-393.01 M,+2.69 B,+5.38 B,-10.61 B,+2.18 B,-45.56 B,-10609402000.0
AKRA,Energy,Oil & Gas Refining & Marketing,1450.0,10.53,1.75,0.33,0.1953,7.34,-1002620000000.0,6060000000000.0,481460000000.0,0.0715,-0.4,0.22,100.0,0.069,MAY & AUG,Semi-Annual,0.052320870000000005,19.59,2.91,39295482000000.0,10572231000000.0,28710000000000.0,8866239000000.0,9563752000000.0,5257774000000.0,24681968000000.0,18620670000000.0,55440000000000.0,51027215000000.0,4420000000000.0,3290000000000.0,2720000000000.0,22928979000000.0,3039745000000.0,16366503000000.0,-70303000000.0,7757167000000.0,-1245793000000.0,-2021490000000.0,46.81,6750000000000.0,UPTREND,ABOVE MA200,TERKONFIRMASI,47.74,10.37,11.43,-474.25 M,-598.96 M,-294.13 M,+41.59 M,+210.69 M,-942.22 M,+3.74 B,-498.47 M,-942221500.0
BSSR,Energy,Thermal Coal,5100.0,7.85,2.87,,0.34759999999999996,3.53,-359030000000.0,2350000000000.0,1080000000000.0001,0.0715,-0.33,0.22,1019.71,0.1999,JAN & JUN & NOV,Semi-Annual,0.07973943999999997,-12.94,5.89,432540000.0,195830000.0,13670000000000.0,105470000.0,46590000.0,40520000.0,285020000.0,153460000.0,13210000000000.0,501120000.0,4250000000000.0,2250000000000.0,1740000000000.0,166190000.0,,266350000.00000003,-40000.0,147120000.0,-69360000.0,-76530000.0,2814.46,2270000000000.0,UPTREND,ABOVE MA200,TERKONFIRMASI,52.18,106.61,144.6,-101.86 M,+27.24 M,+207.04 M,-161.82 M,+591.87 M,+5.29 B,+6.84 B,+6.96 B,5290522000.0
BUMI,Energy,Thermal Coal,174.0,31.35,1.27,0.25,0.0542,17.85,-3154770000000.0,3970000000000.0,401060000000.0,0.0715,0.06,0.22,,,-,,,Negatif/Deklinasi,2.21,4593000000.0,139860000.0,64610000000000.0,179690000.0,253290000.0,75620000.0,985630000.0,763570000.0,28870000000000.0,1332000000.0,5040000000000.0,2930000000000.0,2140000000000.0002,1642000000.0,549980000.0,2951000000.0,-43230000.0,2640000.0,-335520000.0,443010000.0,3.79,-3107570000000.0,UPTREND,BELOW MA200,TERKONFIRMASI,39.86,-5.07,-3.64,-11.19 B,-16.46 B,-2.08 B,+2.46 B,+11.45 B,-109.22 B,+315.73 B,-30.91 B,-109223475500.0
BYAN,Energy,Thermal Coal,12275.0,27.59,8.85,,0.3477,18.14,-3280530000000.0,15190000000000.0,2200000000000.0,0.0715,-0.18,0.22,289.8,0.0236,JUN / DEC,Annual,0.17989998000000004,-12.94,18.72,3780000000.0,2359000000.0,409170000000000.0,933710000.0,262880000.0,300730000.0,1905000000.0,1056000000.0,63430000000000.0,2336000000.0,21650000000000.0,19540000000000.0,14830000000000.0,1196000000.0,,2584000000.0,-4720000.0,884110000.0,-268790000.0,-420760000.0,231.52,12540000000000.0,DOWNTREND,BELOW MA200,TERKONFIRMASI,48.19,-170.88,-264.81,-491.70 M,-6.54 B,+360.45 M,+1.09 B,+1.15 B,+19.23 B,+34.16 B,+35.67 B,19234975000.0
ELSA,Energy,Oil & Gas Equipment & Services,635.0,5.72,0.86,0.08,0.1573,1.28,-574020000000.0,2500000000000.0,400670000000.0,0.0715,0.15,0.22,39.11,0.0616,JUN,Annual,0.1560416,49.67,2.81,11401182000000.0,4353890000000.0,4630000000000.0,2885629000000.0,4166503000000.0,494014000000.0,8107327000000.0,5607189000000.0,15120000000000.0,13673813000000.0,1450000000000.0,881540000000.0,816630000000.0,5975564000000.0,106954000000.0,5425618000000.0,-49220000000.0,1796043000000.0,-605662000000.0,-1189292000000.0,17.91,1220000000000.0,DOWNTREND,BELOW MA200,TERKONFIRMASI,37.42,-19.0,-14.14,-31.80 M,-57.48 M,+149.70 M,+149.70 M,+279.83 M,-2.99 B,+1.14 B,+17.99 B,-2987322000.0
ENRG,Energy,Oil & Gas Exploration & Production,1000.0,15.41,1.77,0.57,0.12789999999999999,5.53,-6048130000000.0,-3386220000000.0,1340000000000.0,0.0715,0.2,0.22,,,-,,,Negatif/Deklinasi,1.29,1969000000.0,-238630000.0,26560000000000.0,114740000.0,56440000.0,42970000.0,281580000.0,470870000.0,9700000000000.0,325260000.0,3880000000000.0,3390000000000.0,1810000000000.0,1081000000.0,251690000.0,887540000.0,-30560000.0,352390000.0,-338090000.0,49910000.0,6.19,255730000000.0,DOWNTREND,BELOW MA200,TERKONFIRMASI,35.13,-80.52,-62.2,-6.17 B,-8.92 B,-2.96 B,-6.62 B,-4.40 B,-44.65 B,-39.01 B,-30.32 B,-44654607515.262024
GEMS,Energy,Thermal Coal,8775.0,8.74,3.35,0.16,0.4561,5.41,-405100000000.0,5750000000000.0,716000000000.0,0.0715,-0.21,0.22,1360.57,0.1551,JUN,Semi-Annual,0.3443555,0.0,6.92,1433000000.0,623120000.0,51620000000000.0,278400000.0,325300000.0,41860000.0,810080000.0,488930000.0,49460000000000.0,1892000000.0,15610000000000.0,8260000000000.0,5840000000000.0,580430000.0,62690000.0,852710000.0,-6290000.0,342890000.0,-84220000.0,-89350000.0,73.44,5730000000000.0,UPTREND,ABOVE MA200,TERKONFIRMASI,80.4,394.61,261.38,+107.98 M,+198.08 M,+220.83 M,+255.24 M,+426.18 M,+1.52 B,+1.78 B,+1.23 B,1517672500.0
INDY,Energy,Thermal Coal,2630.0,56.82,0.59,0.94,0.030699999999999998,7.2,-2605550000000.0,12200000000000.0,548010000000.0,0.0715,0.46,0.22,17.21,0.006500000000000001,JUN / MAY,Annual,0.024081079999999998,Negatif/Deklinasi,1.73,3228000000.0,889350000.0,13680000000000.0,608080000.0,441150000.0,86740000.0,1318000000.0,636580000.0,39730000000000.0,1902000000.0,5700000000000.0,2850000000000.0,250060000000.0,1879000000.0,1140000000.0,1349000000.0,-63360000.0,103440000.0,-158460000.0,174620000.0,2.52,-755030000000.0,UPTREND,BELOW MA200,TERKONFIRMASI,47.32,-17.36,-8.95,-1.15 B,-862.39 M,+1.12 B,+1.37 B,+1.12 B,+1.84 B,+39.78 B,+27.29 B,1839590000.0
ITMG,Energy,Thermal Coal,25325.0,7.9,0.84,0.05,0.1112,2.69,-1268810000000.0,15090000000000.0,347080000000.0,0.0715,-0.55,0.22,1764.5,0.0697,APR & NOV,Semi-Annual,0.052608720000000005,-15.98,4.33,2417000000.0,1521000000.0,27930000000000.0,737580000.0,167530000.0,110530000.0,1187000000.0,343160000.0,35100000000000.0,1428000000.0,9560000000000.0,4910000000000.0,3680000000000.0,506230000.0,14430000.0,1910000000.0,-6500000.0,66599999.99999999,-138780000.0,-229210000.0,42.23,-77460000000.0,UPTREND,ABOVE MA200,TERKONFIRMASI,47.32,-29.58,-11.39,-538.56 M,-752.62 M,-142.24 M,+166.07 M,+790.21 M,-1.74 B,+1.84 B,-7.03 B,-1744865000.0
KKGI,Energy,Thermal Coal,292.0,22.21,0.55,0.02,0.019299999999999998,2.66,-51560000000.0,1040000000000.0,43660000000.0,0.0715,-0.39,0.22,32.0,0.1096,JUN & DEC,Semi-Annual,-0.03643260999999999,Negatif/Deklinasi,4.9,174040000.0,180190000.0,1420000000000.0,44670000.0,9140000.0,9750000.0,76490000.0,18500000.0,2720000000000.0,123520000.0,513770000000.0,201620000000.0,63510000000.0,29210000.0,1860000.0,144830000.0,-190000.0,14620000.0,-8630000.0,-9050000.0,57.92,209950000000.0,UPTREND,BELOW MA200,TERKONFIRMASI,46.14,-1.04,1.19,-13.87 M,-18.02 M,-1.68 M,+12.07 M,+5.46 M,+174.96 M,+312.28 M,+78.89 M,174962200.0
MCOL,Energy,Thermal Coal,3560.0,8.76,1.21,0.1,0.1484,3.62,-312150000000.0,3090000000000.0,804380000000.0,0.0715,-0.51,0.22,275.0,0.07730000000000001,MAY & NOV,Semi-Annual,0.04134424,-24.21,5.6,743460000.0,423460000.0,12660000000000.0,151070000.0,63390000.0,14500000.0,281400000.0,108670000.0,13190000000000.0,570050000.0,2990000000000.0,1990000000000.0,1440000000000.0,159640000.0,,583830000.0,-4900000.0,167940000.0,-64250000.0,-111200000.0,22.7,2690000000000.0,DOWNTREND,BELOW MA200,TERKONFIRMASI,44.01,-40.31,-37.04,+1.13 M,+2.06 M,-18.36 M,-17.83 M,-18.15 M,-29.49 M,-48.54 M,-94.92 M,-29494000.0
MEDC,Energy,Oil & Gas Exploration & Production,1445.0,5.78,0.79,1.72,0.1509,3.23,-9298030000000.0,17740000000000.0,9100000000000.0,0.0715,0.02,0.22,64.5,0.0446,JUN & NOV,Semi-Annual,0.11590629000000001,Negatif/Deklinasi,1.17,9033000000.0,1796000000.0,35730000000000.0,1327000000.0,546040000.0,147570000.0,2425000000.0,1434000000.0,46620000000000.0,966330000.0,29330000000000.0,13960000000000.0,6180000000000.0,6504000000.0,3744000000.0,2529000000.0,-321340000.0,1070000000.0,-856270000.0,292060000.0,2.43,9840000000000.0,UPTREND,BELOW MA200,TERKONFIRMASI,50.01,-3.8,4.12,-706.01 M,-153.53 M,+757.71 M,+1.29 B,+1.18 B,-10.05 B,+13.32 B,-42.77 B,-10053382000.0
MYOH,Energy,Thermal Coal,995.0,8.62,0.69,0.08,0.0805,1.25,-142880000000.0,2210000000000.0,256130000000.0,0.0715,-0.11,0.22,64.05,0.0644,JUN,Annual,0.03521875,0.0,5.7,216500000.0,147090000.0,2200000000000.0,66590000.0,30410000.0,21310000.0,150220000.0,26850000.0,3010000000000.0,139590000.0,515240000000.0,345560000000.0,254660000000.0,38970000.0,6290000.0,177530000.0,-1570000.0,28650000.0,-10420000.0,-18240000.0,12.3,369680000000.0,DOWNTREND,BELOW MA200,TERKONFIRMASI,34.53,-26.53,-24.02,0,-420000,-420000,-133000,-133000,-4.30 M,+375.59 M,+327.62 M,-4295500.0
PTBA,Energy,Thermal Coal,3320.0,8.21,1.54,0.12,0.21109999999999998,4.65,-3121770000000.0,2830000000000.0,1060000000000.0,0.0715,-0.26,0.22,115.0,0.0346,JUN,Annual,0.040868959999999996,-10.12,2.71,48102422000000.0,21299180000000.0,38230000000000.0,6875929000000.0,4840151000000.0,4186041000000.0,16530448000000.0,13704370000000.0,44230000000000.0,35475511000000.0,8750000000000.0,4920000000000.0,4750000000000.0,22763845000000.0,2360973000000.0,25338577000000.0,-182086000000.0,8662679000000.0,-3327723000000.0,-2584076000000.0,27.04,5540000000000.0,UPTREND,ABOVE MA200,TERKONFIRMASI,67.32,143.69,135.78,-1.41 B,-2.10 B,+8.28 B,+13.16 B,+17.78 B,+20.98 B,+83.23 B,+73.19 B,20981403000.0
SICO,Energy,Oil & Gas Equipment & Services,114.0,8.21,0.74,0.29,0.0951,5.0,-9920000000.0,69920000000.0,6640000000.0,0.0715,-0.11,0.22,4.0,0.0351,APR & NOV /DEC,Semi-Annual,0.060854490000000004,7.92,3.34,187078000000.0,44416000000.0,103750000000.0,23043000000.0,21849000000.0,13532000000.0,81174000000.0,11258000000.0,157100000000.0,104790000000.0,52310000000.0,16629999999.999998,12640000000.0,47330000000.0,25431000000.0,139748000000.0,-1471000000.0,9034000000.0,-6576000000.0,1262000000.0,11.3,-881950000.0,UPTREND,BELOW MA200,TERKONFIRMASI,51.42,0.44,0.2,-11.18 M,-11.18 M,-41.11 M,+440.99 M,+438.34 M,+466.24 M,+1.50 B,+1.56 B,466243800.0
TOBA,Energy,Thermal Coal,460.0,,1.13,2.14,-0.3433,8.73,-719970000000.0,629490000000.0,1490000000000.0,0.0715,0.76,0.22,18.56,0.0404,MAY,,,,0.96,764420000.0,84090000.0,3820000000000.0,85100000.0,42650000.0,20830000.0,178430000.0,143240000.0,6560000000000.0,322660000.0,787270000000.0,-643030000000.0,-1186120000000.0,575500000.0,293710000.0,188920000.0,-18410000.0,51340000.0,-44360000.0,-4500000.0,-1.95,198500000000.0,DOWNTREND,BELOW MA200,TERKONFIRMASI,36.63,-19.02,-15.62,-68.73 M,-104.19 M,-42.58 M,-654200,-6.77 M,-768.99 M,+6.65 B,+7.23 B,-768988700.0
AMMN,Materials,Other Precious Metals & Mining,4240.0,19.16,2.93,1.0,0.1663,10.73,-14014220000000.0,35560000000000.0,7650000000000.0,0.0715,-0.42,0.22,,,-,,,Negatif/Deklinasi,3.37,13801000000.0,3827000000.0,307030000000000.0,818940000.0,284280000.0,1490000000.0,3108000000.0,1121000000.0,66480000000000.01,1845000000.0,33479999999999.996,28860000000000.0,16020000000000.0,7939000000.0,5654000000.0,5861000000.0,-474110000.0,931250000.0,-873890000.0,-213780000.0,3.4,2640000000000.0,UPTREND,BELOW MA200,TERKONFIRMASI,41.44,-50.35,5.54,-26.57 B,-24.97 B,+752.12 M,-1.29 B,-12.19 B,-62.31 B,+105.83 B,+239.53 B,-62314938000.0
ANTM,Materials,Gold,3150.0,8.72,2.01,0.16,0.2683,6.46,-663120000000.0,14920000000000.0,1010000000000.0,0.0715,0.77,0.22,209.99,0.0667,JUN,Annual,0.15835066,36.74,4.87,61272871000000.0,20049315000000.0,75700000000000.0,9226074000000.0,3295675000000.0,14695146000000.0,29981631000000.0,15062093000000.0,88340000000000.0,71037536000000.0,17300000000000.0,10080000000000.0,8900000000000.0,22741351000000.0,4440440000000.0,38531520000000.0,-277356000000.0,1826163000000.0,-3859958000000.0,691553000000.0,36.34,1160000000000.0,UPTREND,BELOW MA200,TERKONFIRMASI,47.89,10.31,18.42,-3.98 B,-4.66 B,-2.26 B,+65.64 M,+613.38 M,-11.67 B,+71.59 B,-187.54 B,-11668417000.0
AVIA,Materials,Specialty Chemicals,338.0,10.52,2.08,0.0,0.19879999999999998,6.26,-466320000000.0,6310000000000.0,177230000000.0,0.0715,0.09,0.22,24.0,0.071,APR & NOV,Semi-Annual,0.05671763999999999,4.7,11.31,11297600000000.0,2307788000000.0,19980000000000.0,2449883000000.0,1422588000000.0,1968890000000.0,7906822000000.0,1597067000000.0,8830000000000.0,4386568000000.0,4440000000000.0,2210000000000.0,1910000000000.0,1684924000000.0,,9612676000000.0,-2281000000.0,2485019000000.0,143759000000.0,-1909035000000.0,968.19,2020000000000.0,DOWNTREND,BELOW MA200,TERKONFIRMASI,47.65,-2.88,-3.04,0,-31.12 M,-1.26 M,+158.68 M,+196.57 M,-374.10 M,+728.92 M,+122.99 M,-374096800.0
BRMS,Materials,Other Industrial Metals & Mining,575.0,120.78,4.57,0.28,0.0398,58.75,-2097350000000.0,3360000000000.0,134590000000.0,0.0715,0.72,0.22,,,-,,,Negatif/Deklinasi,,1413000000.0,,81530000000000.0,32130000.000000004,,37160000.0,275520000.0,87740000.0,4010000000000.0,105430000.0,2130000000000.0,1340000000000.0,714820000000.0,364370000.0,266450000.0,1049000000.0,-23790000.0,18000000.0,-157070000.0,145780000.0,3.15,-1775440000000.0,UPTREND,BELOW MA200,TERKONFIRMASI,36.9,-27.0,-18.14,-3.87 B,-3.87 B,-2.97 B,+2.96 B,+7.22 B,-13.90 B,+122.77 B,+79.41 B,-13895285000.0
BRPT,Materials,Chemicals,1390.0,53.36,1.15,1.33,0.0646,15.43,-18360070000000.0,75420000000000.0,6670000000000.0,0.0715,0.78,0.22,1.63,0.0012,JUN,,,Negatif/Deklinasi,1.66,18952000000.0,1037000000.0,130259999999999.98,3182000000.0,995090000.0,2260000000.0,7788000000.0,3572000000.0,180460000000000.0,8596000000.0,26680000000000.0,10780000000000.0,2510000000000.0,12458000000.0,7140000000.0,6494000000.0,-481540000.0,290490000.0,-2328000000.0,2109000000.0,1.25,-13163530000000.0,DOWNTREND,BELOW MA200,TERKONFIRMASI,29.44,-84.47,-80.25,-2.20 B,-4.42 B,-4.61 B,-1.70 B,-1.21 B,-17.86 B,+18.20 B,+489.07 B,-17863295500.0
CITA,Materials,Other Industrial Metals & Mining,3290.0,9.5,1.61,,0.1707,8.25,-139150000000.0,1690000000000.0,98280000000.0,0.0715,-0.18,0.22,328.0,0.09970000000000001,JUL,Annual,-0.002219099999999983,19.28,24.26,8544332000000.0,6326653000000.0,13030000000000.0,795417000000.0,313394000000.0,883804000000.0,2068044000000.0,373604000000.0,3200000000000.0,2140796000000.0,1060000000000.0,619350000000.0,1370000000000.0,441852000000.0,,8102481000000.0,,567394000000.0,541409000000.0,-1390087000000.0,,428250000000.0,UPTREND,BELOW MA200,TERKONFIRMASI,39.48,-8.2,9.81,-14.68 M,-17.56 M,-13.31 M,-11.59 M,-11.59 M,-35.31 M,+12.46 M,-845.62 M,-35307000.0
CLPI,Materials,Specialty Chemicals,1575.0,6.51,0.83,0.19,0.1304,3.63,-2880000000.0,494150000000.0,7930000000.0,0.0715,0.08,0.22,170.51,0.10830000000000001,JUN / JUL,Annual,0.05054303999999999,11.65,3.5,965248000000.0,546673000000.0,482010000000.0,221643000000.0,357782000000.0,250692000000.0,862080000000.0,367929000000.0,1060000000000.0,903818000000.0,152670000000.0,88990000000.0,74320000000.0,383105000000.0,,582143000000.0,-3109000000.0,55277000000.0,-17594000000.0,-70342000000.0,28.63,52400000000.0,UPTREND,ABOVE MA200,TERKONFIRMASI,34.86,-4.53,-1.97,-1.25 M,-2.67 M,-2.67 M,-2.36 M,-1.96 M,-4.65 M,+19.36 M,-600.06 M,-4648000.0
DKFT,Materials,Other Industrial Metals & Mining,670.0,5.58,2.41,0.34,0.5056,4.41,-46300000000.0,905160000000.0,139240000000.0,0.0715,0.58,0.22,70.0,0.1045,JUN & OCT,Semi-Annual,0.21088576000000003,,3.15,3219671000000.0,529841000000.0,3690000000000.0,659665000000.0,195380000000.0,148282000000.0,1425980000000.0,520824000000.0,1630000000000.0,772696000000.0,859640000000.0,622130000000.0,669600000000.0,1687494000000.0,519153000000.0,1532177000000.0,-1730000000.0,552796000000.0,-264886000000.0,-504316000000.0,359.68,506500000000.0,DOWNTREND,BELOW MA200,TERKONFIRMASI,51.57,-3.64,-4.4,+78.76 M,+58.89 M,+43.09 M,+170.90 M,+170.90 M,-175.50 M,+350.49 M,-1.44 B,-175497000.0
ESSA,Materials,Chemicals,580.0,10.13,1.02,0.0,0.1406,3.48,-72870000000.0,3370000000000.0,826110000000.0,0.0715,0.19,0.22,10.0,0.0172,APR,Annual,,Negatif/Deklinasi,4.73,693330000.0,266260000.0,9990000000000.0,189230000.0,29230000.0,42300000.0,275880000.0,87360000.0,6150000000000.0,217570000.0,2260000000000.0,1700000000000.0,995000000000.0,139130000.0,,554200000.0,-1220000.0,147040000.0,-13130000.0,-60190000.0,77.96,2560000000000.0,DOWNTREND,BELOW MA200,TERKONFIRMASI,40.45,-16.5,-16.58,-157.44 M,-267.83 M,-112.56 M,-280.26 M,+871.51 M,-9.88 B,+35.99 B,+54.65 B,-9882853000.0
FWCT,Materials,Lumber & Wood Production,79.0,,0.49,1.11,-0.1335,,-54140000000.0,120490000000.0,26770000000.0,0.0715,-0.43,0.22,,,JUN & NOV,,,,2.2,753380000000.0,112567000000.0,155080000000.0,61106000000.0,65394000000.0,106326000000.0,288598000000.0,168107000000.0,1190000000000.0,1123403000000.0,69550000000.0,-30320000000.0,-45720000000.0,433002000000.0,246544000000.0,320378000000.0,-21978000000.0,29592000000.0,-54141000000.0,74989000000.0,-1.38,-24550000000.0,DOWNTREND,BELOW MA200,TERKONFIRMASI,40.73,-3.17,-2.99,-1.62 M,-1.62 M,+3.58 M,+3.58 M,+3.58 M,-235.49 M,+2.71 B,+8.06 B,-235485900.0
GDST,Materials,Steel,108.0,10.22,0.69,1.08,0.0709,13.81,-145130000000.0,-23460000000.0,16710000000.0,0.0715,0.09,0.22,2.5,0.0232,JUN & DEC LAST 2024,Annual,0.054912050000000004,,1.0,3908466000000.0,398338000000.0,998190000000.0,589175000000.0,257863000000.0,621103000000.0,2255296000000.0,2278756000000.0,2150000000000.0,1900041000000.0,249610000000.0,78240000000.0,102190000000.0,2426082000000.0,99000000000.0,1482384000000.0,-107970000000.0,158327000000.0,-45716000000.0,461356000000.0,0.72,13200000000.0,UPTREND,ABOVE MA200,TERKONFIRMASI,46.12,-1.46,-0.59,-3.01 M,-3.01 M,+10.25 M,+12.58 M,+13.96 M,+3.42 B,+9.88 B,+13.44 B,3422080600.0
GGRP,Materials,Steel,370.0,,0.4,0.19,-0.021099999999999997,150.78,-195560000000.0,2180000000000.0002,460320000000.0,0.0715,0.33,0.22,28.0,0.0757,JUN,,,,1.29,850940000.0,248500000.0,4480000000000.0,8910000.0,4560000.0,174330000.0,265920000.00000003,144140000.0,3800000000000.0,223840000.0,-200310000000.0,-433110000000.0,-250720000000.0,214410000.0,,636540000.0,-4970000.0,-59290000.0,-9800000.0,11070000.0,-4.87,-1256140000000.0,UPTREND,ABOVE MA200,TERKONFIRMASI,66.04,16.09,13.64,-23.90 M,-41.84 M,+4.15 M,+16.20 M,+22.73 M,+538.17 M,+644.96 M,+737.47 M,538167800.0
INCO,Materials,Other Industrial Metals & Mining,4260.0,16.17,0.89,0.0,0.0558,6.92,-9232940000000.0,3870000000000.0,3390000000000.0,0.0715,1.07,0.22,76.4,0.0179,MAY,,0.038568960000000006,-12.94,4.85,3383000000.0,2307000000.0,44900000000000.0,110660000.0,73580000.0,301810000.0,586820000.0,370460000.0,19790000000000.0,873550000.0,4170000000000.0,2700000000000.0,2780000000000.0,552000000.0,,2831000000.0,-5250000.0,179960000.0,-524200000.00000006,-55490000.0,28.77,-6013710000000.0,DOWNTREND,BELOW MA200,TERKONFIRMASI,36.28,-191.06,-175.39,0,-546.73 M,-352.60 M,+844.51 M,+1.08 B,-6.68 B,-5.76 B,-57.00 B,-6683804000.0
INKP,Materials,Paper & Paper Products,8200.0,3.82,0.35,0.72,0.09630000000000001,3.93,-14352200000000.0,77380000000000.0,4389999999999.9995,0.0715,0.23,0.22,75.0,0.0091,JUN,Annual,0.09386361000000001,3.71,1.62,13249000000.0,4984000000.0,44860000000000.0,726900000.0,1564000000.0,497020000.0,6821000000.0,2496000000.0,59180000000000.0,2232000000.0,19250000000000.0,13050000000000.0,11840000000000.0,6057000000.0,3277000000.0,7193000000.0,-304500000.0,796330000.0,-2356000000.0,385640000.0,2.4,-106730000000.0,DOWNTREND,BELOW MA200,TERKONFIRMASI,45.05,-120.54,-112.32,-147.79 M,-322.07 M,+408.58 M,+605.52 M,+674.49 M,-3.97 B,+6.73 B,-34.98 B,-3968405000.0
INTP,Materials,Building Materials,4950.0,6.99,0.74,0.12,0.1069,4.26,-978940000000.0,3140000000000.0,894660000000.0,0.0715,0.27,0.22,468.0,0.0946,MAY,Annual,0.03682705,7.83,3.41,30231555000000.0,21317825000000.0,16250000000000.0,3911459000000.0,3035792000000.0,2504001000000.0,9876727000000.0,6741612000000.0,18150000000000.0,12212391000000.0,5940000000000.0,2080000000000.0,2340000000000.0,8122890000000.0,,22108665000000.0,-179489000000.0,3681716000000.0,-615453000000.0,-2634978000000.0,11.58,2700000000000.0,DOWNTREND,BELOW MA200,TERKONFIRMASI,42.53,-87.4,-75.76,-10.56 M,-98.89 M,-68.85 M,+109.44 M,+171.77 M,-599.24 M,+1.86 B,-2.62 B,-599241500.0
ISSP,Materials,Steel,420.0,5.42,0.53,0.62,0.10289999999999999,5.87,-626880000000.0,3250000000000.0,172800000000.0,0.0715,0.29,0.22,20.0,0.047599999999999996,JUL,Annual,0.08221709999999999,2.97,2.03,10451274000000.0,3136916000000.0,2960000000000.0,680732000000.0,977021000000.0,4407785000000.0,6354772000000.0,3103381000000.0,6160000000000.0,4985734000000.0,1170000000000.0,824230000000.0,561430000000.0,4684719000000.0,1248260000000.0,5766555000000.0,-145988000000.0,-588056000000.0,-642965000000.0,1101490000000.0,5.65,-1214940000000.0,DOWNTREND,BELOW MA200,TERKONFIRMASI,51.97,-3.46,-6.04,-48.14 M,+60.66 M,+115.59 M,+240.94 M,+240.94 M,-33.69 M,+227.81 M,-206.95 M,-33686200.0
MBMA,Materials,Other Industrial Metals & Mining,474.0,37.47,1.17,0.53,0.0924,10.15,-3373730000000.0,7810000000000.0,1940000000000.0,0.0715,0.59,0.22,,,-,,,Negatif/Deklinasi,2.16,4246000000.0,134030000.0,50900000000000.0,483430000.0,297440000.0,273480000.0,1255000000.0,818090000.0,33180000000000.0,1463000000.0,7000000000000.0,6200000000000.0,1400000000000.0,1774000000.0,795720000.0,2472000000.0,-42660000.0,278610000.0,-326920000.0,330680000.0,8.12,1610000000000.0,DOWNTREND,BELOW MA200,TERKONFIRMASI,40.86,-13.02,-10.81,-416.22 M,-1.07 B,-375.86 M,+437.45 M,-373.13 M,-2.53 B,+28.70 B,-33.64 B,-2529483900.0
MDKA,Materials,Other Industrial Metals & Mining,2890.0,72.1,1.29,0.86,0.0747,11.5,-8727639999999.999,3230000000000.0,4160000000000.0,0.0715,0.92,0.22,12.29,0.0043,-,,,,1.39,6465000000.0,228990000.0,70560000000000.0,683450000.0,319470000.0,483990000.0,1815000000.0,1634000000.0,43690000000000.0,1898000000.0,9740000000000.0,8310000000000.001,989240000000.0,3370000000.0,1496000000.0,3096000000.0,-133199999.99999999,368170000.0,-668410000.0,617170000.0,3.49,-2141530000000.0002,UPTREND,BELOW MA200,TERKONFIRMASI,48.01,-2.33,3.76,-456.98 M,-985.15 M,-305.87 M,+2.13 B,+2.64 B,+6.32 B,+53.61 B,+7.93 B,6320127000.0
MINE,Materials,Other Industrial Metals & Mining,266.0,5.72,1.11,0.61,0.2027,1.5,-143690000000.0,397490000000.0,349070000000.0,0.0715,,0.22,14.75,0.0555,-,,0.13672115,-34.53,3.48,1921187000000.0,497306000000.0,1090000000000.0001,376477000000.0,280562000000.0,97202000000.0,1052198000000.0,654713000000.0,2430000000000.0,2050487000000.0,382320000000.0,269490000000.0,185110000000.0,946072000000.0,153404000000.0,975115000000.0,-71679000000.0,643887000000.0,-138517000000.0,-314431000000.0,3.76,500200000000.0,UPTREND,BELOW MA200,TERKONFIRMASI,44.67,1.84,5.57,-71.15 M,-72.77 M,-71.50 M,-70.30 M,-70.76 M,+83.12 M,+895.85 M,+754.77 M,83123600.0
NCKL,Materials,Other Industrial Metals & Mining,855.0,5.11,1.03,0.17,0.2602,4.37,-878470000000.0,7300000000000.0,1940000000000.0,0.0715,0.93,0.22,42.64,0.0499,JUN,Annual,0.2134941,36.49,3.64,70985378000000.0,22257724000000.0,53850000000000.0,4885730000000.0,3982114000000.0,8581214000000.0,17833412000000.0,10534090000000.0,32630000000000.004,23461829000000.0,9170000000000.0,7910000000000.0,10660000000000.0,18142045000000.0,6656284000000.0,52843333000000.0,-599305000000.0,5174942000000.0,-512922000000.0,-4486978000000.0,13.19,4300000000000.0,DOWNTREND,BELOW MA200,TERKONFIRMASI,39.28,-20.79,-15.66,-232.29 M,-304.66 M,+387.82 M,+387.82 M,-160.23 M,-4.86 B,+7.09 B,-41.67 B,-4858626500.0
NICL,Materials,Other Industrial Metals & Mining,360.0,35.41,4.59,0.0,0.1219,20.78,-5480000000.0,207830000000.0,11710000000.0,0.0715,0.35,0.22,21.0,0.0583,MAY / JUN & AUG & NOV /DEC,Semi-Annual,-0.12984787999999997,14.1,52.68,962049000000.0,185031000000.0,3830000000000.0,245103000000.0,3318000000.0,20513000000.0,312900000000.0,105072000000.0,890840000000.0,605964000000.0,284880000000.0,157100000000.0,108130000000.0,127825000000.0,,834225000000.0,-189970000.0,197591000000.0,-83071000000.0,-227978000000.0,827.01,192110000000.0,DOWNTREND,BELOW MA200,TERKONFIRMASI,28.82,-31.8,-27.99,-77.89 M,-331.05 M,+536.98 M,+536.98 M,+681.31 M,-3.32 B,-2.10 B,-7.70 B,-3322161600.0
PBID,Consumer Discretionary,Packaging & Containers,520.0,6.38,1.33,0.07,0.21760000000000002,4.59,-58620000000.0,1580000000000.0,60740000000.0,0.0715,-0.13,0.22,53.0,0.10189999999999999,MAY / JUN,Annual,0.07753088,8.33,6.55,3686512000000.0,1876199000000.0,3900000000000.0,183644000000.0,464607000000.0,1346173000000.0,2139806000000.0,564005000000.0,5760000000000.0,4509201000000.0,1250000000000.0,789340000000.0,617540000000.0,725770000000.0,,2960742000000.0,-10287000000.0,583986000000.0,-124656000000.0,-398991000000.0,76.73,525360000000.0,UPTREND,ABOVE MA200,TERKONFIRMASI,44.35,-0.74,-0.52,-7.85 M,-7.85 M,-7.85 M,-3.54 M,-3.54 M,-18.76 M,+383.50 M,+97.36 M,-18761000.0
PSAB,Materials,Gold,510.0,3.88,1.73,0.15,0.48460000000000003,4.16,-925780000000.0,2950000000000.0,2740000000000.0,0.0715,0.6,0.22,105.0,0.2059,JUN/JUL,Quarterly,0.09706538000000002,,3.65,636870000.0,198140000.0,13490000000000.0,17060000.0,1140000.0,75770000.0,319480000.0,154300000.0,5530000000000.0,85430000.0,4000000000000.0,-127220000000.0,3480000000000.0,201360000.0,10600000.0,435510000.0,-11780000.0,104110000.0,282050000.0,-407890000.0,-0.6,936670000000.0,UPTREND,BELOW MA200,TERKONFIRMASI,39.32,-9.79,-5.74,-602.99 M,-915.27 M,-915.27 M,-255.99 M,+85.01 M,-4.56 B,+59.17 B,+61.75 B,-4557952500.0
SAMF,Materials,Agricultural Inputs,330.0,12.56,1.81,0.79,0.17079999999999998,9.83,-38190000000.0,1140000000000.0,47460000000.0,0.0715,0.05,0.22,19.0,0.0576,JUN,Annual,0.06165879999999999,10.65,2.72,4461386000000.0,1057210000000.0,3380000000000.0,150557000000.0,1624663000000.0,1605408000000.0,3603106000000.0,2459078000000.0,4389999999999.9995,3471986000000.0,917540000000.0,446880000000.0,274200000000.0,2557836000000.0,69491000000.0,1903550000000.0,-74434000000.0,-143673000000.0,-37158000000.0,213235000000.0,6.0,-181860000000.0,UPTREND,ABOVE MA200,TERKONFIRMASI,55.92,8.51,6.71,-1.33 M,-4.60 M,-9.90 M,-38.69 M,+788.39 M,+785.20 M,+887.56 M,+870.36 M,785195200.0
SMGR,Materials,Building Materials,1570.0,27.51,0.22,0.17,0.0073,4.51,-1309960000000.0,841440000000.0,2600000000000.0,0.0715,0.06,0.22,96.22,0.0613,MAY,Annual,0.0036251799999999995,-30.4,1.6,74620987000000.0,34717045000000.0,10570000000000.0,3637157000000.0,5531859000000.0,4801123000000.0,16322710000000.0,15481275000000.0,37280000000000.0,29693318000000.0,7590000000000.0,1290000000000.0,379130000000.0,26741629000000.0,4174770000000.0,47879358000000.0,-711163000000.0,4721609000000.0,-1331838000000.0,-3837996000000.0,1.81,3410000000000.0,DOWNTREND,BELOW MA200,DEATH CROSS 🩸,50.66,-20.48,-19.57,+272.55 M,+311.17 M,+532.34 M,+627.51 M,+1.35 B,-5.87 B,+31.38 B,+8.59 B,-5869773500.0
SRSN,Materials,Chemicals,134.0,6.86,0.98,0.02,0.1527,4.58,-32369999999.999996,487020000000.0,16610000000.0,0.0715,0.06,0.22,1.0,0.0075,JUN / JUL,Annual,0.14459163,36.24,4.5,1012745000000.0,408546000000.0,806680000000.0,31984000000.0,233178000000.0,318449000000.0,596321000000.0,109297000000.0,1200000000000.0,851499000000.0,346680000000.0,163230000000.0,124640000000.0,137480000000.0,,875265000000.0,-10341000000.0,319990000000.0,-32372000000.0,-260210000000.0,15.78,287620000000.0,UPTREND,ABOVE MA200,TERKONFIRMASI,60.83,11.84,11.97,-1.71 B,-1.17 B,-2.33 B,+3.79 B,+4.14 B,+46.99 B,+72.37 B,+78.39 B,46987493300.0
TINS,Materials,Other Industrial Metals & Mining,4560.0,9.23,3.26,0.12,0.4179,5.47,-289150000000.0,5910000000000.0,744230000000.0,0.0715,0.88,0.22,88.0,0.019299999999999998,JUN,,0.36470133,,5.42,16448966000000.0,9959836000000.0,33960000000000.0,4483933000000.0,1583522000000.0,2965133000000.0,9568973000000.0,3656468000000.0,17750000000000.0,11565906000000.0,6190000000000.0,4910000000000.0,3730000000000.0,5901361000000.0,539653000000.0,10547605000000.0,-95002000000.0,3816688000000.0,-307658000000.0,-887415000000.0,51.65,3530000000000.0,UPTREND,ABOVE MA200,TERKONFIRMASI,51.26,85.35,128.31,-946.77 M,-2.32 B,-1.36 B,-1.36 B,-488.98 M,-7.08 B,+110.81 B,+41.53 B,-7075146000.0
TKIM,Materials,Paper & Paper Products,7300.0,2.88,0.39,0.23,0.1471,3.71,-1960190000000.0,3060000000000.0,893750000000.0,0.0715,0.33,0.22,30.0,0.0040999999999999995,JUN,Annual,0.14549661,11.84,2.02,4179000000.0,2498000000.0,22730000000000.0,69970000.0,104200000.0,257820000.0,655450000.0,484380000.0,18300000000000.0,868120000.0,2770000000000.0,1170000000000.0,7870000000000.0,970380000.0,427110000.0,3208000000.0,-38420000.0,-46650000.0,-63600000.0,-52300000.0,1.7,-2794670000000.0,UPTREND,BELOW MA200,TERKONFIRMASI,46.9,-114.19,-107.29,+15.37 M,-66.60 M,+161.44 M,+264.79 M,+396.37 M,-2.10 B,+11.75 B,-21.72 B,-2102210000.0
TPIA,Materials,Specialty Chemicals,1670.0,71.75,1.63,1.19,0.0392,24.15,-14996330000000.0,70010000000000.01,4560000000000.0,0.0715,-0.16,0.22,5.69,0.0034000000000000002,JUN,Semi-Annual,0.011332719999999996,,3.63,13766000000.0,1993000000.0,144400000000000.0,2921000000.0,844430000.0,2238000000.0,6928000000.0,3014000000.0,169150000000000.0,8640000000.0,14580000000000.0,3060000000000.0,2009999999999.9998,8802000000.0,4774000000.0,4964000000.0,-539980000.0,477830000.0,-2003000000.0,1762000000.0,0.32,-6448380000000.0,DOWNTREND,BELOW MA200,TERKONFIRMASI,33.92,-64.99,-62.3,-5.89 B,-8.55 B,-4.61 B,-3.01 B,-5.09 B,-29.39 B,+120.98 B,-439.99 B,-29386907500.0
BLES,Materials,Building Materials,197.0,8.06,1.44,0.43,0.19440000000000002,4.46,-169320000000.0,46960000000.0,158240000000.0,0.0715,-0.36,0.22,1.89,0.0096,JUN / JUL,,,14.91,2.57,2133307000000.0,443541000000.0,1750000000000.0,162206000000.0,171245000000.0,102673000000.0,459871000000.0,412913000000.0,1720000000000.0,1153410000000.0,561770000000.0,318810000000.0,222940000000.0,882232000000.0,403169000000.0,1251075000000.0,-45086000000.0,396492000000.0,-164722000000.0,-68177000000.0,7.07,227170000000.0,UPTREND,ABOVE MA200,TERKONFIRMASI,51.01,0.15,-0.42,-52.23 M,-52.23 M,-7.68 M,+58.48 M,+85.14 M,-103.24 M,+2.42 B,+2.39 B,-103243300.0
DGWG,Materials,Agricultural Inputs,316.0,7.34,1.71,1.05,0.2576,5.47,-52060000000.0,383820000000.0,26340000000.0,0.0715,,0.22,13.0,0.041100000000000005,-,Semi-Annual,0.15592527999999997,-5.21,2.09,4453496000000.0,298330000000.0,1860000000000.0,155624000000.0,1096841000000.0,2085793000000.0,3538101000000.0,3154282000000.0,4890000000000.0,3624560000000.0,1260000000000.0,509870000000.0,266410000000.00003,3297072000000.0,56145000000.0,1156424000000.0,-103173000000.0,33641000000.0,-48799000000.0,92380000000.0,4.94,-18420000000.0,UPTREND,BELOW MA200,TERKONFIRMASI,43.81,-1.13,-1.17,-186.52 M,-160.16 M,-62.73 M,-62.73 M,+66.83 M,-90.42 M,+1.17 B,+634.36 M,-90420000.0
FPNI,Materials,Specialty Chemicals,505.0,9.77,1.46,0.0,0.1611,8.39,-55530000000.0,620440000000.0,132500000000.0,0.0715,-0.06,0.22,,,-,,,,2.76,181460000.0,-98800000.0,2810000000000.0,28960000.0,12650000.0,48070000.0,99990000.0,65310000.0,6150000000000.0,326410000.0,314040000000.0,134289999999.99998,296220000000.0,70390000.0,,111070000.0,-70000.0,24880000.0,-10340000.0,-500000.0,107.24,389460000000.0,UPTREND,BELOW MA200,TERKONFIRMASI,47.37,-5.5,-3.6,-22.81 M,-50.12 M,+55.15 M,+269.89 M,+273.04 M,+1.76 B,+18.32 B,+19.05 B,1756991100.0
PART,Consumer Discretionary,Auto Parts,120.0,10.71,1.72,0.9,0.1724,8.63,-82630000000.0,70290000000.0,12560000000.0,0.0715,0.82,0.22,1.71,0.014199999999999999,-,Annual,0.14633312,,2.81,399812000000.0,67108000000.0,338230000000.0,3517000000.0,44974000000.0,49977000000.0,135328000000.0,65036000000.0,405030000000.0,331459000000.0,73580000000.0,45510000000.0,30750000000.0,203479000000.0,131058000000.0,196333000000.0,-14035000000.0,21144000000.0,-82630000000.0,63560000000.0,3.24,-61490000000.0,UPTREND,ABOVE MA200,TERKONFIRMASI,56.13,4.59,3.47,-519.50 M,-163.22 M,-331.48 M,+9.96 M,+100.36 M,+3.24 B,+3.97 B,+4.63 B,3237567400.0
SMGA,Materials,Other Industrial Metals & Mining,86.0,9.21,1.64,0.08,0.1825,6.08,-11000000000.0,358500000000.0,14440000000.0,0.0715,0.67,0.22,,,-,,,44.55,4.84,952152000000.0,148862000000.0,752500000000.0,42526000000.0,288095000000.0,,841474000000.0,482970000000.0,2610000000000.0,2445503000000.0,149590000000.0,109410000000.0,80420000000.0,493126000000.0,6595000000.0,459026000000.0,-6404000000.0,51957000000.0,-10999000000.0,-5437000000.0,17.08,40960000000.0,UPTREND,BELOW MA200,TERKONFIRMASI,54.08,0.85,0.97,0,-4.67 M,-4.67 M,+3.03 M,+7.68 M,+139.39 M,+2.06 B,+2.34 B,139389800.0
ABMM,Energy,Thermal Coal,2690.0,5.11,0.47,1.03,0.0949,3.69,-1483920000000.0,1210000000000.0,2000000000000.0,0.0715,-0.65,0.22,153.0,0.056900000000000006,MAY,Annual,0.07767565,-9.71,1.37,2057000000.0,716370000.0,7410000000000.0,214180000.0,246380000.0,40640000.0,558050000.0,490370000.0,18560000000000.0,925500000.0,2000000000000.0,1110000000000.0,1470000000000.0,1162000000.0,598920000.0,894680000.0,-69540000.0,270270000.0,-38820000.0,-162650000.0,0.89,3350000000000.0,UPTREND,BELOW MA200,TERKONFIRMASI,50.06,-20.64,-20.47,-23.74 M,-4.27 M,+23.19 M,+26.34 M,+57.65 M,-370.99 M,-94.00 M,-1.67 B,-370988000.0
ASII,Industrials,Conglomerates,4800.0,6.45,0.66,0.41,0.1198,5.14,-13556000000000.0,29150000000000.0,16040000000000.0,0.0715,-0.06,0.22,390.0,0.08130000000000001,MAY & OCT,Semi-Annual,0.056857080000000004,8.23,2.14,514517000000000.0,219756000000000.0,191620000000000.0,46150000000000.0,28469000000000.0,36266000000000.0,185300000000000.0,156151000000000.0,318450000000000.0,235200000000000.0,60470000000000.0,34880000000000.004,29790000000000.0,224673000000000.0,43622000000000.0,289844000000000.0,-3694000000000.0,37806000000000.0,-25077000000000.0,-20543000000000.0,9.44,24250000000000.0,DOWNTREND,BELOW MA200,TERKONFIRMASI,51.38,-33.47,-46.05,+837.88 M,+98.91 M,+2.58 B,+9.75 B,+13.90 B,-8.07 B,+6.80 B,-143.57 B,-8068138000.0
HEXA,Industrials,Industrial Distribution,3530.0,11.84,0.98,0.52,0.0805,7.54,-42000000000.0,2540000000000.0,115950000000.0,0.0715,0.1,0.22,463.09,0.13119999999999998,SEP / OCT,Annual,-0.044500399999999996,-22.16,2.89,409750000.0,139650000.0,2970000000000.0,17400000.0,107230000.0,232590000.0,360950000.0,219080000.0,9050000000000.0,421710000.0,1500000000000.0,394190000000.0,250490000000.0,239830000.0,,169920000.0,-6350000.0,102690000.0,-2450000.0,-108010000.0,3.47,1800000000000.0,DOWNTREND,BELOW MA200,TERKONFIRMASI,23.06,-233.07,-206.77,-3.40 M,+561000,+561000,+9.74 M,+56.12 M,-2.77 B,-2.71 B,-2.83 B,-2765164000.0
JTPE,Industrials,Specialty Business Services,580.0,11.4,2.89,0.12,0.2786,5.99,-142920000000.0,573230000000.0,52050000000.0,0.0715,-0.11,0.22,24.0,0.0414,JUN & NOV,Annual,0.017245339999999987,30.88,3.81,2749308000000.0,958482000000.0,3940000000000.0,670460000000.0,178726000000.0,861541000000.0,1892905000000.0,1319675000000.0,2790000000000.0,2086427000000.0,702570000000.0,550810000000.0,350180000000.0,1373095000000.0,1875000000.0,1376213000000.0,-2430000000.0,594852000000.0,-106679000000.0,-219176000000.0,226.71,451930000000.0,DOWNTREND,BELOW MA200,TERKONFIRMASI,41.93,-6.8,-6.61,-1.65 M,-1.65 M,+3.92 M,-1.83 M,+5.79 M,-58.19 M,-31.13 M,+475.40 M,-58191500.0
KBLI,Industrials,Electrical Equipment & Parts,370.0,7.01,0.5,0.08,0.0753,5.35,-47060000000.0,2290000000000.0,56220000000.0,0.0715,0.05,0.22,17.0,0.046,MAY & AUG,Annual,0.05146755,18.06,3.8,3825574000000.0,2158313000000.0,1480000000000.0,184340000000.0,859176000000.0,1292670000000.0,2985664000000.0,691039000000.0,4130000000000.0,3706745000000.0,419650000000.0,231350000000.0,214960000000.0,813739000000.0,11591000000.0,3011834000000.0,-14479000000.0,24566000000.0,-257875000000.0,171294000000.0,15.98,-22490000000.0,UPTREND,ABOVE MA200,TERKONFIRMASI,60.91,6.48,5.77,-10.75 M,+10.48 M,+12.13 M,+13.77 M,+16.83 M,+785.40 M,+770.07 M,+739.32 M,785401800.0
KUAS,Industrials,Building Products & Equipment,89.0,12.64,0.67,0.69,0.054299999999999994,8.23,-25760000000.0,89190000000.0,3580000000.0,0.0715,0.19,0.22,1.5,0.0169,JUN / MAY,Annual,0.019591439999999998,5.18,1.77,308526000000.0,38700000000.0,115060000000.0,39515000000.0,60416000000.0,81590000000.0,187011000000.0,97822000000.0,185450000000.0,129940000000.0,55510000000.0,17320000000.0,9100000000.0,137562000000.0,14117000000.0,170964000000.0,-7077000000.0,28630000000.0,-31031000000.0,2390000000.0,2.45,2870000000.0,DOWNTREND,BELOW MA200,DEATH CROSS 🩸,44.12,-2.35,-1.66,-8.17 M,-12.25 M,-5.79 M,+21.68 M,+16.21 M,-1.74 B,+3.99 B,+4.17 B,-1737063100.0
MSJA,Consumer Discretionary,Textile Manufacturing,820.0,51.81,3.22,0.16,0.0691,25.04,-5830000000.0,361280000000.0,54110000000.0,0.0715,-0.18,0.22,12.0,0.0146,JUN,Annual,0.004795540000000001,Negatif/Deklinasi,4.34,107170000.0,10290000.0,4700000000000.0,11300000.0,14750000.0,9420000.0,36840000.0,16640000.0,1220000000000.0,55780000.0,224570000000.0,110870000000.0,93620000000.0,24060000.0,1170000.0,83110000.0,-770000.0,1360000.0,690000.0,-6050000.0,8.09,18550000000.0,UPTREND,ABOVE MA200,TERKONFIRMASI,61.4,62.14,78.54,-205.67 M,-307.31 M,-579.80 M,-240.24 M,-54.77 M,-1.15 B,+11.24 B,+9.58 B,-1153019500.0
PBSA,Industrials,Engineering & Construction,780.0,9.58,3.15,0.0,0.342,6.86,-27670000000.0,535809999999.99994,18350000000.0,0.0715,0.23,0.22,55.0,0.0705,JUN,Annual,0.11645100000000001,24.54,5.27,1471730000000.0,298384000000.0,2330000000000.0,192320000000.0,687729000000.0,199059000000.0,1236869000000.0,701060000000.0,1820000000000.0,1473990000000.0,341630000000.0,286370000000.0,250200000000.0,713190000000.0,,758540000000.0,-2012000000.0,134500000000.0,-29172000000.0,-185871000000.0,142.34,106830000000.0,DOWNTREND,BELOW MA200,TERKONFIRMASI,51.04,-2.63,-6.48,-13.81 M,-4.56 M,+39.03 M,+52.33 M,+46.67 M,+388.05 M,+2.05 B,+903.31 M,388048500.0
SCCO,Industrials,Electrical Equipment & Parts,2740.0,6.71,0.39,,0.0599,2.35,-25440000000.0,2340000000000.0,52740000000.0,0.0715,0.15,0.22,100.0,0.0365,JUN,Annual,0.045212520000000006,19.04,4.93,6215058000000.0,2775421000000.0,2250000000000.0,1164324000000.0,638797000000.0,854445000000.0,2762064000000.0,421201000000.0,7490000000000.0,6833070000000.0,659690000000.0,383700000000.0,335810000000.0,471431000000.0,,5743627000000.0,,215919000000.0,-9601000000.0,-71251000000.0,,190480000000.0,UPTREND,ABOVE MA200,TERKONFIRMASI,59.21,59.13,60.15,-836000,+1.27 M,+2.46 M,+2.46 M,+1.18 M,+1.45 B,+1.51 B,+1.51 B,1448685000.0
SKRN,Industrials,Rental & Leasing Services,388.0,15.71,4.57,0.38,0.3059,7.31,-26040000000.0,68680000000.00001,193440000000.0,0.0715,-0.19,0.22,85.0,0.2191,MAY / JUN & NOV,Annual,0.08705914,112.19,3.82,1432472000000.0,172506000000.0,2760000000000.0,92316000000.0,158913000000.0,,379805000000.0,311122000000.0,873800000000.0,600265000000.0,273540000000.00003,172960000000.0,177610000000.0,821380000000.0,1327000000.0,611092000000.0,-21238000000.0,383420000000.0,-6675000000.0,-412391000000.0,8.14,357380000000.0,UPTREND,BELOW MA200,TERKONFIRMASI,40.39,-1.66,2.16,-1.97 M,-2.20 M,-1.98 M,-11.64 M,-11.78 M,-7.34 M,+18.02 M,+104.16 M,-7340800.0
TOTL,Industrials,Engineering & Construction,1455.0,10.07,4.19,0.0,0.4375,7.07,-74610000000.0,341640000000.0,32610000000.0,0.0715,0.3,0.22,75.0,0.0516,MAY,Annual,0.11545625000000001,38.03,2.38,4195416000000.0,913493000000.0,4960000000000.0,864911000000.0,1537547000000.0,61394000000.0,3114069000000.0,2772429000000.0,4280000000000.0005,3538395000000.0,745790000000.0,380180000000.0,509570000000.0,2970729000000.0,,1224688000000.0,,255921000000.0,-64050000000.0,-375100000000.0,,181310000000.0,UPTREND,ABOVE MA200,TERKONFIRMASI,43.13,10.72,29.12,-171.84 M,-177.52 M,-248.95 M,-268.90 M,-149.25 M,+448.27 M,+4.12 B,+2.44 B,448270000.0
UNTR,Materials,Other Industrial Metals & Mining,24350.0,11.88,0.87,0.28,0.07440000000000001,3.86,-10659000000000.0,12430000000000.0,10600000000000.0,0.0715,-0.29,0.22,1663.0,0.0683,MAY & OCT,Semi-Annual,0.016702800000000004,-4.98,2.43,179058512000000.0,82784470000000.0,85060000000000.0,18653672000000.0,21187844000000.0,16184501000000.0,64876616000000.0,52445591000000.0,121060000000000.0,95860150000000.0,25200000000000.0,14620000000000.0,7640000000000.0,77307497000000.0,10243774000000.0,101751015000000.0,-1396278000000.0,18528755000000.0,-20432979000000.0,-5247607000000.0,10.47,7870000000000.0,UPTREND,BELOW MA200,TERKONFIRMASI,43.23,121.07,185.95,-3.85 B,-5.73 B,-4.74 B,-6.27 B,-7.18 B,-1.05 B,-5.12 B,-45.78 B,-1049375000.0
CARS,Consumer Discretionary,Auto & Truck Dealerships,100.0,9.92,1.11,0.81,0.13449999999999998,10.54,-34060000000.000004,-57760000000.0,42570000000.0,0.0715,-0.07,0.22,,,-,,,,2.6,3132039000000.0,756393000000.0,1500000000000.0,416889000000.0,720925000000.0,314589000000.0,1580865000000.0,1638626000000.0,4710000000000.0,4033601000000.0,633140000000.0,193630000000.0,158770000000.0,1706848000000.0,8906000000.0,1425191000000.0,-35283000000.0,90432000000.0,1191000000.0,-111410000000.0,5.49,56380000000.0,UPTREND,BELOW MA200,TERKONFIRMASI,34.52,-0.95,1.57,-21.87 M,-21.87 M,-21.87 M,-27.93 M,-27.93 M,-100.29 M,+388.07 M,+213.42 M,-100286900.0
GJTL,Consumer Discretionary,Auto Parts,1275.0,2.8,0.4,0.53,0.1532,3.04,-2572570000000.0,3110000000000.0,853880000000.0,0.0715,0.45,0.22,50.0,0.0392,JUN / JUL,Annual,0.1121424,,1.92,23591378000000.0,8800149000000.0,4440000000000.0,859070000000.0,5231647000000.0,2910172000000.0,9792812000000.0,6679245000000.0,18140000000000.0,14312305000000.0,3830000000000.0,2089999999999.9998,1590000000000.0,12583495000000.0,3977045000000.0,11007883000000.0,-369469000000.0,2424903000000.0,-2453154000000.0,22615000000.0,5.65,-147660000000.0,DOWNTREND,ABOVE MA200,DEATH CROSS 🩸,45.57,-18.03,-18.11,0,-12.37 M,-38.92 M,+96.86 M,+250.27 M,-70.58 M,+5.46 B,+4.86 B,-70578500.0
MPPA,Consumer Discretionary,Department Stores,41.0,,-14.81,-36.49,-4.4871,4.36,-51140000000.0,-532870000000.0,97770000000.0,0.0715,0.87,0.22,,,-,,,,1.05,3096224000000.0,-2953260000000.0,531630000000.0,249981000000.0,69538000000.0,1007683000000.0,1646119000000.0,2178990000000.0,7400000000000.0,6150367000000.0,1250000000000.0,46710000000.0,-127490000000.0,3132123000000.0,266000000000.0,-35899000000.0,-117528000000.0,383623000000.0,-112696000000.0,-286881000000.0,0.4,332480000000.0,DOWNTREND,BELOW MA200,TERKONFIRMASI,54.97,-1.53,-2.1,+47.85 M,+47.85 M,+60.56 M,+60.56 M,+60.56 M,-135.28 M,-92.33 M,-905.73 M,-135282400.0
AALI,Consumer Staples,Farm Products,8425.0,8.83,0.67,,0.08109999999999999,2.98,-866750000000.0,7700000000000.0,1450000000000.0,0.0715,0.21,0.22,458.0,0.054400000000000004,MAY & OCT,Semi-Annual,0.042837019999999996,-1.07,4.57,28854423000000.0,19190195000000.0,16219999999999.998,5149236000000.0,766009000000.0,4003072000000.0,10999829000000.0,3300969000000.0,29470000000000.0,24522388000000.0,4940000000000.0,2640000000000.0,1870000000000.0,4248033000000.0,,24606390000000.0,-40687000000.0,3703202000000.0,-866751000000.0,-4166661000000.0,64.95,2840000000000.0,UPTREND,ABOVE MA200,TERKONFIRMASI,57.89,102.46,78.57,-434.52 M,-365.86 M,-111.02 M,+229.47 M,+1.10 B,-3.15 B,+1.59 B,-6.46 B,-3146540000.0
AMRT,Consumer Staples,Grocery Stores,1250.0,14.25,2.63,0.14,0.2003,5.38,-2666950000000.0,753390000000.0,2060000000000.0,0.0715,-0.19,0.22,41.5,0.0332,MAY,Annual,0.10413597000000001,13.13,5.91,42788957000000.0,15512433000000.0,51360000000000.0,4097782000000.0,2865461000000.0,13414040000000.0,21676612000000.0,20923222000000.0,130880000000000.0,101970089000000.0,28910000000000.0,4840000000000.0,3550000000000.0,23630784000000.0,672402000000.0,19158173000000.0,-169874000000.0,8190008000000.0,-5770807000000.0,-2857590000000.0,28.5,5520000000000.0,DOWNTREND,BELOW MA200,TERKONFIRMASI,40.24,-21.37,-16.18,+905.94 M,+376.21 M,+193.91 M,+95.41 M,-1.02 B,-4.11 B,-5.62 B,-68.24 B,-4114269000.0
BUDI,Consumer Staples,Packaged Foods,220.0,6.02,0.56,1.19,0.1002,6.03,-190490000000.0,1100000000000.0,196430000000.0,0.0715,0.12,0.22,7.0,0.0318,JUN & NOV,,0.07552074,14.58,1.92,4295324000000.0,730492000000.0,988080000000.0,299750000000.0,1661836000000.0,720041000000.0,2752588000000.0,1653723000000.0,3940000000000.0,3374088000000.0,561340000000.0,289320000000.0,164150000000.0,2526732000000.0,615000000000.0,1768592000000.0,-165360000000.0,261048000000.0,-121448000000.0,90211000000.0,1.75,70560000000.0,UPTREND,ABOVE MA200,TERKONFIRMASI,43.7,-0.94,-0.27,-58800,+25400,-214600,-189400,-624600,-1.08 M,+123.01 M,+112.79 M,-1077200.0
CLEO,Consumer Staples,Beverages - Non-Alcoholic,420.0,23.44,3.92,0.19,0.1894,11.92,-512970000000.0,243090000000.0,225410000000.0,0.0715,-0.31,0.22,2.5,0.006,JUN,Annual,,18.93,9.69,3508094000000.0,1962866000000.0,10080000000000.0,50518000000.0,173026000000.0,439346000000.0,720875000000.0,477789000000.0,3150000000000.0,1447670000000.0,1700000000000.0,631640000000.0,430100000000.0,933460000000.0,300639000000.0,2574634000000.0,-27832000000.0,556674000000.0,-512432000000.0,-37511000000.0,22.69,43700000000.0,UPTREND,ABOVE MA200,TERKONFIRMASI,54.22,3.5,3.49,-27.03 M,-27.03 M,-133.56 M,+78.59 M,+96.70 M,+105.37 M,+1.49 B,+1.12 B,105369000.0
CMRY,Consumer Staples,Packaged Foods,4430.0,16.04,4.95,0.0,0.3223,12.14,-863640000000.0,2069999999999.9998,218960000000.0,0.0715,0.19,0.22,200.0,0.0452,JUN,Semi-Annual,0.09092082999999997,22.84,14.33,9247647000000.0,3355796000000.0,35470000000000.0,558058000000.0,1181932000000.0,1449908000000.0,4071623000000.0,2005305000000.0,12040000000000.0,6696338000000.0,5340000000000.0,2380000000000.0,2210000000000.0,2084734000000.0,,7162913000000.0,-37000000.0,1917419000000.0,-573194000000.0,-1589641000000.0,64362.62,1050000000000.0,DOWNTREND,BELOW MA200,TERKONFIRMASI,46.62,-44.66,-54.5,-32.86 M,+54.56 M,+49.46 M,+81.14 M,+95.35 M,+620.52 M,+1.00 B,-661.67 M,620518000.0
CPIN,Consumer Staples,Farm Products,2930.0,6.45,1.38,0.28,0.2279,4.48,-1942270000000.0,19400000000000.0,1270000000000.0,0.0715,0.13,0.22,180.0,0.061399999999999996,MAY,Annual,0.13762881,15.53,5.97,52380933000000.0,34758309000000.0,48050000000000.0,5368132000000.0,2472710000000.0,17160669000000.0,30932743000000.0,11535786000000.0,77060000000000.0,62051463000000.0,15010000000000.0,10110000000000.0,7450000000000.0,17469626000000.0,4606509000000.0,34911307000000.0,-496651000000.0,5366489000000.0,-2122172000000.0,-1394740000000.0,20.35,3420000000000.0,DOWNTREND,BELOW MA200,TERKONFIRMASI,39.37,-57.27,-46.44,0,-54.67 M,+236.63 M,+236.63 M,+670.46 M,-11.14 B,-12.18 B,-43.36 B,-11136009000.0
DSNG,Consumer Staples,Farm Products,1500.0,8.34,1.32,0.28,0.1675,4.66,-1842810000000.0,883720000000.0,1010000000000.0,0.0715,-0.07,0.22,47.0,0.0313,JUN,Annual,0.14537325,21.51,3.62,17814315000000.0,8589383000000.0,15900000000000.0,676925000000.0,361189000000.0,1989475000000.0,3445378000000.0,2561660000000.0,12520000000000.0,8701042000000.0,3820000000000.0,2830000000000.0,1930000000000.0,5682690000000.0,2563586000000.0,12131625000000.0,-333820000000.0,2589835000000.0,-825631000000.0,-1980031000000.0,8.49,747020000000.0,UPTREND,ABOVE MA200,TERKONFIRMASI,44.28,-2.85,12.59,-44.50 M,-103.47 M,-124.40 M,-124.40 M,-69.30 M,-929.36 M,+3.14 B,-7.34 B,-929364000.0
GGRM,Consumer Staples,Tobacco,16975.0,7.38,0.51,,0.0706,2.58,-1766700000000.0,31120000000000.0,3020000000000.0,0.0715,0.76,0.22,800.0,0.0471,JUL,Annual,0.055216259999999996,-4.66,4.12,77787029000000.0,63022253000000.0,32659999999999.996,8719955000000.0,,31781791000000.0,42896233000000.0,11771357000000.0,86180000000000.0,75007885000000.0,11170000000000.0,6220000000000.0,4420000000000.0,13779285000000.0,,64007744000000.0,-63382000000.0,12227339000000.0,-1317569000000.0,-4562044000000.0,98.09,10460000000000.0,DOWNTREND,ABOVE MA200,TERKONFIRMASI,36.28,-603.3,-615.51,+48.85 M,+8.65 M,+37.76 M,+115.71 M,+537.43 M,-3.38 B,+7.96 B,+19.55 B,-3383810000.0
HMSP,Consumer Staples,Tobacco,620.0,8.31,2.77,0.01,0.3469,5.67,-475830000000.0,13870000000000.0,1010000000000.0,0.0715,0.54,0.22,56.3,0.0908,MAY,Annual,0.08512926000000001,3.98,4.24,49897097000000.0,4292360000000.0,72120000000000.0,6605359000000.0,3349687000000.0,22300209000000.0,35102109000000.0,21233410000000.0,49160000000000.0,27579519000000.0,21580000000000.0,10350000000000.0,8680000000000.0,23859991000000.0,,26037106000000.0,-24990000000.0,11105557000000.0,-995421000000.0,-6796573000000.0,414.23,10630000000000.0,DOWNTREND,BELOW MA200,TERKONFIRMASI,29.87,-25.44,-26.13,-39.31 M,-39.31 M,+15.08 M,+93.60 M,+223.35 M,-9.19 B,-8.35 B,-7.47 B,-9185234000.0
ICBP,Consumer Staples,Packaged Foods,6775.0,10.69,1.05,0.67,0.1255,6.3,-2330030000000.0,41780000000000.0,1750000000000.0,0.0715,-0.01,0.22,265.0,0.0391,JUL,Annual,0.07600280000000001,2.92,2.56,143985924000000.0,45794427000000.0,79010000000000.0,33537992000000.0,12096134000000.0,7751246000000.0,57964365000000.0,16185899000000.0,79110000000000.0,51508271000000.0,27610000000000.0,16140000000000.0,7390000000000.0,68713288000000.0,49310565000000.0,75272636000000.0,-2222049000000.0,12933186000000.0,-3588168000000.0,-4508970000000.0,7.26,10600000000000.0,DOWNTREND,BELOW MA200,TERKONFIRMASI,42.38,-126.29,-145.11,0,-23.12 M,-86.40 M,+60.49 M,+292.69 M,-3.19 B,-1.88 B,+123.00 M,-3185467500.0
INDF,Consumer Staples,Packaged Foods,6900.0,6.33,0.49,0.64,0.12140000000000001,4.26,-4351750000000.0,51600000000000.0,3940000000000.0,0.0715,0.06,0.22,290.0,0.042,JUL,Annual,0.09021234,4.55,1.92,231245059000000.0,63776240000000.0,60580000000000.0,54125470000000.0,12084733000000.0,20881863000000.0,101718139000000.0,50120902000000.0,129180000000000.0,86305664000000.0,42870000000000.0,24660000000000.0,9570000000000.0,106532925000000.0,50431666000000.0,124712134000000.0,-4082879000000.0,20143401000000.0,-6688594000000.0,-2419673000000.0,6.04,15790000000000.0,DOWNTREND,ABOVE MA200,TERKONFIRMASI,44.96,-93.77,-103.87,-268.62 M,+13.38 M,+13.38 M,+56.55 M,+308.74 M,-3.22 B,+4.22 B,+345.55 M,-3221550000.0
JPFA,Consumer Staples,Farm Products,2000.0,4.45,1.1,0.76,0.2918,4.34,-3906260000000.0,8090000000000.0,1200000000000.0,0.0715,0.19,0.22,140.0,0.07,APR,Annual,0.19871580000000003,20.92,3.46,45145132000000.0,16714251000000.0,23410000000000.0,2596987000000.0,3728010000000.0,15826024000000.0,24480974000000.0,16394766000000.0,68590000000000.0,53554371000000.0,15030000000000.0,7480000000000.0,5240000000000.0,23811080000000.0,5865373000000.0,21334052000000.0,-669467000000.0,1801838000000.0,-4283337000000.0,3097772000000.0,11.17,-2104420000000.0,DOWNTREND,BELOW MA200,TERKONFIRMASI,33.48,-64.49,-46.64,-371.45 M,-256.85 M,-177.04 M,-111.27 M,-739.86 M,-4.11 B,-401.75 M,-23.69 B,-4105048500.0
LSIP,Consumer Staples,Farm Products,1460.0,4.92,0.71,,0.152,0.73,-448400000000.0,8160000000000.0,392310000000.0,0.0715,0.05,0.22,83.0,0.056900000000000006,JUL,Annual,0.1193656,15.77,5.22,16294964000000.0,12598567000000.0,9960000000000.0,8371777000000.0,17030000000.0,867355000000.0,9500254000000.0,1341322000000.0,5880000000000.0,3622190000000.0,2260000000000.0,2049999999999.9998,2060000000000.0,1976754000000.0,,14318210000000.0,-1126000000.0,2632025000000.0,-461084000000.0,-448400000000.0,1821.17,2180000000000.0002,UPTREND,ABOVE MA200,TERKONFIRMASI,38.7,-27.05,-10.59,-223.08 M,-223.08 M,-143.55 M,+25.90 M,+158.42 M,-4.87 B,+5.16 B,-1.53 B,-4871332500.0
MIDI,Consumer Staples,Grocery Stores,258.0,9.64,1.85,0.13,0.1977,4.15,-818900000000.0,-29390000000.0,521400000000.0,0.0715,-0.09,0.22,11.85,0.045899999999999996,MAY,Annual,0.10946648999999999,23.18,4.76,9272359000000.0,3013905000000.0,8630000000000.001,533369000000.0,471689000000.0,2757047000000.0,3940975000000.0,3970362000000.0,21520000000000.0,15901004000000.0,5620000000000.0,1080000000000.0001,887810000000.0,4640704000000.0,,4631655000000.0,-45417000000.0,1749985000000.0,-1285541000000.0,-547591000000.0,23.81,931090000000.0,DOWNTREND,BELOW MA200,TERKONFIRMASI,41.55,-4.93,-5.01,+4.26 M,+4.26 M,+7.34 M,+36.97 M,+23.34 M,+88.33 M,-169.59 M,-1.46 B,88329600.0
MLBI,Consumer Staples,Beverages - Brewers,6850.0,11.22,13.06,0.09,1.2222,6.35,-216850000000.0,-384580000000.0,415940000000.0,0.0715,0.04,0.22,561.0,0.0819,MAY / JUN & NOV,Semi-Annual,0.80347428,14.09,5.09,4014827000000.0,1064173000000.0,14430000000000.0,1290928000000.0,660981000000.0,281411000000.0,2412252000000.0,2796829000000.0,3790000000000.0,1331721000000.0,2460000000000.0,1660000000000.0,1290000000000.0,2909521000000.0,,1105306000000.0,-7992000000.0,1421945000000.0,-211980000000.0,-533009000000.0,207.53,1210000000000.0,UPTREND,ABOVE MA200,TERKONFIRMASI,51.98,5.24,4.99,0,0,+150000,-220000,-725000,+44.26 M,+360.67 M,+791.03 M,44260000.0
MYOR,Consumer Staples,Packaged Foods,1375.0,8.97,1.64,0.25,0.1962,5.06,-919620000000.0,12980000000000.0,1570000000000.0,0.0715,-0.12,0.22,60.0,0.0436,MAY,Annual,0.12558762,23.53,6.02,28525087000000.0,18389128000000.0,30290000000000.0,5600379000000.0,6588011000000.0,5303347000000.0,18574717000000.0,5597013000000.0,38810000000000.0,29495322000000.0,9310000000000.0,4160000000000.0,3410000000000.0,10079164000000.0,3240748000000.0,18445923000000.0,-517659000000.0,6564553000000.0,-795510000000.0,-5579626000000.0,8.03,5640000000000.0,DOWNTREND,BELOW MA200,TERKONFIRMASI,29.5,-53.68,-53.25,+17.97 M,-438.51 M,-294.41 M,-216.97 M,-216.97 M,-2.73 B,-7.18 B,-4.86 B,-2726990000.0
NSSS,Consumer Staples,Farm Products,725.0,26.18,7.69,0.7,0.3381,16.45,-155270000000.0,519059999999.99994,156770000000.0,0.0715,-0.16,0.22,10.0,0.014199999999999999,NOV,Annual,0.30195711000000003,18.27,6.37,4297847000000.0,829050000000.0,16780000000000.002,402311000000.0,34035000000.0,444795000000.0,1322410000000.0,803349000000.0,2120000000000.0,1010111000000.0,1110000000000.0,952520000000.0,668130000000.0,2023244000000.0,1076211000000.0,2274603000000.0,-139482000000.0,814376000000.0,-595998000000.0,-327344000000.0,6.83,659100000000.0,DOWNTREND,BELOW MA200,TERKONFIRMASI,42.67,-29.27,-32.99,-20.53 M,-61.95 M,-431000,+68.05 M,+89.14 M,-92.46 M,+4.88 B,+6.99 B,-92459500.0
PNGO,Consumer Staples,Farm Products,3500.0,8.34,2.17,0.19,0.2802,5.86,-121690000000.0,150190000000.0,64209999999.99999,0.0715,0.12,0.22,220.0,0.0629,JUN & NOV,,0.1342158,11.94,6.33,1714968000000.0,1165269000000.0,2730000000000.0,23207000000.0,24673000000.0,209562000000.0,410323000000.0,260132000000.0,2210000000000.0,1542702000000.0,666340000000.0,441000000000.0,329900000000.0,447500000000.0,80945000000.0,1267467000000.0,-22781000000.0,383813000000.0,-105601000000.0,-261815000000.0,19.36,262130000000.0,DOWNTREND,ABOVE MA200,TERKONFIRMASI,49.41,-11.79,-5.7,-24000,+174000,+339000,-271000,-766000,-2.53 M,+147000,+27.17 M,-2531000.0
ROTI,Consumer Staples,Packaged Foods,560.0,16.52,1.97,0.62,0.1093,8.04,-100380000000.0,-152570000000.0,185650000000.0,0.0715,-0.25,0.22,80.04,0.1429,APR,Annual,-0.14862614,-6.11,2.96,3471188000000.0,706037000000.0,3150000000000.0,168660000000.0,470861000000.0,219436000000.0,929844000000.0,1082411000000.0,3760000000000.0,1841516000000.0,1920000000000.0,298860000000.0,190700000000.0,1875883000000.0,436117000000.0,1595305000000.0,-60033000000.0,472600000000.0,-102109000000.0,-546244000000.0,4.98,372220000000.0,DOWNTREND,BELOW MA200,TERKONFIRMASI,35.7,-6.4,-5.49,-1.91 M,-2.67 M,-563000,+342500,+2.31 M,-26.27 M,-89.85 M,-754.45 M,-26274000.0
TAPG,Consumer Staples,Farm Products,1990.0,9.86,3.34,0.09,0.35969999999999996,6.73,-699700000000.0,2380000000000.0,717540000000.0,0.0715,0.12,0.22,180.0,0.09050000000000001,MAY & NOV,Semi-Annual,0.04219281000000002,28.14,9.08,14823740000000.0,6614313000000.0,39510000000000.0,1706296000000.0,126557000000.0,1173834000000.0,4125880000000.0,1750029000000.0,11750000000000.0,6837948000000.0,4910000000000.0,4010000000000.0,4050000000000.0,2889990000000.0,724347000000.0,11933750000000.0,-51260000000.0,3708726000000.0,479529000000.0,-3429665000000.0,78.31,3010000000000.0,UPTREND,ABOVE MA200,TERKONFIRMASI,45.39,-27.81,-13.21,-109.03 M,-163.88 M,+277.63 M,+643.54 M,+736.91 M,-8.11 B,+23.22 B,-6.99 B,-8106431500.0
TBLA,Consumer Staples,Packaged Foods,605.0,4.08,0.37,1.97,0.0953,6.27,-1520850000000.0,2950000000000.0,822390000000.0,0.0715,0.11,0.22,47.0,0.07769999999999999,JUN,Annual,0.08752352,-0.49,1.59,31759505000000.0,7382923000000.0,3630000000000.0,529194000000.0,6400069000000.0,7141389000000.0,15928334000000.0,12979231000000.0,24010000000000.0,19943043000000.0,4070000000000.0005,2680000000000.0,883300000000.0,22076183000000.0,8109150000000.0,9683322000000.0,-1454789000000.0,-535558000000.0,-2332083000000.0,3186028000000.0,1.84,-2056400000000.0,DOWNTREND,BELOW MA200,TERKONFIRMASI,43.95,-6.67,-6.47,+3.95 M,-3.56 M,-1.22 M,-1.22 M,+7.08 M,-56.21 M,-225.04 M,-602.41 M,-56206500.0
TLDN,Consumer Staples,Farm Products,600.0,7.13,2.1,0.21,0.31120000000000003,4.45,154200000000.0,374050000000.0,350250000000.0,0.0715,-0.05,0.22,31.0,0.051699999999999996,MAY & OCT,Semi-Annual,0.14035120000000004,14.8,4.04,6342799000000.0,2247086000000.0,7770000000000.0,258018000000.0,55689000000.0,1150088000000.0,1914357000000.0,1540311000000.0,5590000000000.0,3644078000000.0,1940000000000.0,1290000000000.0,1090000000000.0001,2651152000000.0,229890000000.0,3691647000000.0,-43436000000.0,1196076000000.0,80731000000.0,-1295508000000.0,29.77,1350000000000.0,UPTREND,BELOW MA200,TERKONFIRMASI,51.79,0.4,1.83,0,0,+8.37 M,+8.37 M,+41.92 M,-33.60 M,+613.40 M,+503.60 M,-33599000.0
WIIM,Consumer Staples,Tobacco,1515.0,5.59,1.4,0.08,0.2722,3.84,-271040000000.00003,1550000000000.0,80200000000.0,0.0715,-0.38,0.22,104.4,0.0689,JUN,Annual,0.16911785999999998,26.79,4.8,3395754000000.0,1767746000000.0,3160000000000.0,199617000000.0,215918000000.0,1991191000000.0,2592542000000.0,1043801000000.0,3870000000000.0,2311836000000.0,1560000000000.0,745710000000.0,574240000000.0,1100065000000.0,,2295689000000.0,-17606000000.0,490327000000.0,-254465000000.0,-323055000000.0,42.36,219290000000.0,DOWNTREND,BELOW MA200,TERKONFIRMASI,47.06,-26.91,-37.76,-22.50 M,-46.55 M,+222.59 M,+253.61 M,+293.49 M,-617.46 M,-1.02 B,-666.85 M,-617462500.0
YUPI,Consumer Staples,Confectioners,1235.0,16.86,6.06,0.44,0.25379999999999997,10.97,-29790000000.0,1280000000000.0,136919999999.99998,0.0715,,0.22,70.22,0.056900000000000006,JUL & DEC,Semi-Annual,-0.5801614199999999,9.2,8.48,3149880000000.0,692157000000.0,10550000000000.0,880531000000.0,488749000000.0,455491000000.0,1857794000000.0,581945000000.0,2970000000000.0,1815727000000.0,1150000000000.0,815150000000.0,621330000000.0,1409646000000.0,761606000000.0,1740234000000.0,-48211000000.0,629476000000.0,-77866000000.0,-1324081000000.0,16.91,599680000000.0,DOWNTREND,BELOW MA200,TERKONFIRMASI,38.36,-27.36,-24.66,+286000,+265500,+307500,-32500,-32500,-2.01 M,+74.59 M,-596.16 M,-2008500.0
BWPT,Consumer Staples,Packaged Foods,104.0,8.07,1.06,1.53,0.14429999999999998,5.43,-347590000000.0,-619700000000.0,186390000000.0,0.0715,0.05,0.22,,,-,,,,1.33,9943233000000.0,211194000000.0,3240000000000.0,199759000000.0,163363000000.0,452923000000.0,2037447000000.0,2657147000000.0,6240000000000.0,4617885000000.0,1620000000000.0,1210000000000.0,401030000000.0,6901045000000.0,3243312000000.0,3042188000000.0,-413694000000.0,1026293000000.0,-527592000000.0,-452679000000.0,2.93,678700000000.0,UPTREND,BELOW MA200,TERKONFIRMASI,43.44,-2.05,-0.29,-83.79 M,-242.58 M,-21.48 M,+75.88 M,+210.25 M,-3.41 B,+130.43 B,+126.33 B,-3414559400.0
GZCO,Consumer Staples,Farm Products,162.0,8.55,0.78,0.25,,4.94,-86220000000.0,-251720000000.0,95450000000.0,0.0715,-0.01,0.22,,,-,,,54.3,0.84,2153677000000.0,-696259000000.0,936310000000.0,55574000000.0,16448000000.0,94493000000.0,247209000000.0,498929000000.0,842900000000.0,572999000000.0,269899999999.99997,151480000000.0,114940000000.0,898230000000.0,173727000000.0,1255447000000.0,-17457000000.0,83952000000.0,-60078000000.0,-25174000000.0,8.68,-2270000000.0,UPTREND,BELOW MA200,TERKONFIRMASI,38.97,-4.7,-3.0,-33.33 M,-47.62 M,-31.44 M,+13.69 M,+677900,-316.16 M,+15.46 B,+14.41 B,-316163400.0
SIMP,Consumer Staples,Packaged Foods,560.0,4.04,0.32,0.34,,2.69,-1503940000000.0,4410000000000.0,1420000000000.0,0.0715,0.23,0.22,26.0,0.0464,JUL,Annual,,17.16,1.85,42347028000000.0,15700679000000.0,8680000000000.0,9014405000000.0,1263808000000.0,3797764000000.0,16362061000000.0,11956121000000.0,21290000000000.0,15805106000000.0,5480000000000.0,4210000000000.0,2190000000000.0,15149830000000.0,867533000000.0,27197198000000.0,-550735000000.0,3008726000000.0,-1638069000000.0,155273000000.0,7.65,1500000000000.0,DOWNTREND,BELOW MA200,TERKONFIRMASI,37.69,-12.03,-9.24,-40.66 M,-77.79 M,-50.30 M,-50.30 M,+112.10 M,-730.27 M,+2.03 B,-12.43 B,-730274500.0
STAA,Consumer Staples,Farm Products,1220.0,7.89,1.97,0.24,0.2999,4.92,-250230000000.0,2420000000000.0,429230000000.0,0.0715,-0.23,0.22,75.0,0.061500000000000006,MAY & OCT,Annual,0.13612460999999998,-2.45,5.3,10039272000000.0,4084964000000.0,13290000000000.0,1379178000000.0,598210000000.0,1495671000000.0,4399020000000.0,1978793000000.0,12150000000000.0,8330793000000.0,3820000000000.0,2440000000000.0,1710000000000.0,3195537000000.0,993395000000.0,6843735000000.0,-108555000000.0,1568206000000.0,-166618000000.0,-1025802000000.0,22.45,1320000000000.0,UPTREND,ABOVE MA200,TERKONFIRMASI,54.61,13.52,12.42,-45.60 M,-84.35 M,-99.49 M,+108.41 M,+278.29 M,+130.41 M,+2.29 B,+985.13 M,130414000.0
ACES,Consumer Discretionary,Specialty Retail,328.0,7.35,0.87,0.15,0.12119999999999999,3.15,-191600000000.0,5080000000000.0,160640000000.0,0.0715,0.11,0.22,32.01,0.09759999999999999,JUN,Annual,0.029475839999999993,2.03,4.74,8826928000000.0,5791809000000.0,5620000000000.0,1166703000000.0,,3873578000000.0,6372737000000.0,1288793000000.0,8910000000000.0,4971742000000.0,3940000000000.0,878860000000.0,766160000000.0,2376626000000.0,,6450302000000.0,-84816000000.0,1228204000000.0,-986414000000.0,-1172365000000.0,10.36,1040000000000.0,DOWNTREND,BELOW MA200,TERKONFIRMASI,36.0,-7.6,-6.04,+48.84 M,+48.84 M,+1.71 M,+89.15 M,+31.62 M,-727.67 M,-397.41 M,-1.08 B,-727670600.0
AUTO,Consumer Discretionary,Auto Parts,3350.0,6.68,0.94,0.03,0.15289999999999998,4.34,-533010000000.0,5600000000000.0,481420000000.0,0.0715,0.07,0.22,229.0,0.0684,MAY & OCT,Semi-Annual,0.08308586000000001,31.65,3.13,23881905000000.0,12080205000000.0,16149999999999.998,4296374000000.0,2964269000000.0,2883050000000.0,11056363000000.0,5459244000000.0,21180000000000.0,17750526000000.0,3430000000000.0,1260000000000.0,2420000000000.0,6686521000000.0,142495000000.0,17195384000000.0,-33122000000.0,1612079000000.0,174630000000.0,-1364817000000.0,37.98,1080000000000.0001,UPTREND,ABOVE MA200,TERKONFIRMASI,53.62,54.27,65.15,-200.50 M,-131.02 M,-338.57 M,+10.63 M,+212.83 M,+253.93 M,+5.88 B,+5.27 B,253932000.0
EAST,Consumer Discretionary,Lodging,89.0,11.08,0.8,0.01,0.0711,7.7,-9230000000.0,2670000000.0,6600000000.0,0.0715,-0.25,0.22,7.8,0.0876,APR / JUN & DEC / JAN,Semi-Annual,-0.03160394999999999,22.26,9.36,484881000000.0,10150000000.0,367250000000.0,9067000000.0,1790000000.0,562340000.0,16617000000.0,13943000000.0,95060000000.0,24105000000.0,70950000000.0,40330000000.0,33140000000.0,26146000000.0,,458736000000.0,-785800000.0,40620000000.0,-1073000000.0,-45861000000.0,51.33,31390000000.0,DOWNTREND,BELOW MA200,TERKONFIRMASI,45.52,-0.12,-0.23,-2.52 M,-2.02 M,-16000,-16000,-16000,-993500,+22400,-30.26 M,-993500.0
ERAA,Consumer Discretionary,Specialty Retail,605.0,6.86,0.88,0.73,0.1551,4.46,-835000000000.0,3820000000000.0,609660000000.0,0.0715,0.35,0.22,25.0,0.041299999999999996,JUN,Annual,0.12215676,7.09,3.88,29348808000000.0,7236480000000.0,9460000000000.0,1312397000000.0,1320864000000.0,12811512000000.0,18275715000000.0,14453188000000.0,84460000000000.0,75343711000000.0,9110000000000.0,2520000000000.0,1410000000000.0,18404218000000.0,2344922000000.0,10944590000000.0,-627514000000.0,7000281000000.0,-947755000000.0,-6896090000000.0,4.01,6170000000000.0,UPTREND,ABOVE MA200,TERKONFIRMASI,57.64,20.45,25.68,-681.73 M,-2.26 B,-1.81 B,-599.99 M,-284.46 M,+6.33 B,+83.18 B,+79.92 B,6330165000.0
KDSI,Consumer Discretionary,Packaging & Containers,468.0,11.91,0.95,0.24,0.0812,5.8,-37490000000.0,380260000000.0,51220000000.0,0.0715,-0.11,0.22,20.0,0.042699999999999995,JUN,Annual,0.04008032,-1.71,3.37,1426078000000.0,594484000000.0,758160000000.0,80914000000.0,343573000000.0,432960000000.0,892967000000.0,512710000000.0,2190000000000.0,1881944000000.0,310190000000.0,97800000000.0,63640000000.0,628354000000.0,55417000000.0,797725000000.0,-20555000000.0,39700000000.0,-52709000000.0,65323000000.0,4.76,2210000000.0,UPTREND,ABOVE MA200,TERKONFIRMASI,55.49,1.84,1.48,0,+66600,+38600,+38600,+38600,-203400,-119200,-207000,-203400.0
LPIN,Consumer Discretionary,Auto Parts,440.0,5.81,0.53,,0.0928,2.81,-724580000.0,183300000000.0,1200000000.0,0.0715,-0.28,0.22,45.0,0.1023,MAY / JUN,Annual,0.0379552,6.61,5.47,386861000000.0,255858000000.0,187000000000.0,87548000000.0,53529000000.0,45957000000.0,206969000000.0,23671000000.0,175240000000.0,118032000000.0,57210000000.0,30440000000.0,32159999999.999996,33860000000.0,,353001000000.0,,28644000000.0,35032000000.0,-19005000000.0,,27920000000.0,UPTREND,ABOVE MA200,TERKONFIRMASI,59.38,3.06,2.29,-686400,+4.22 M,+10.06 M,+10.37 M,+10.37 M,+10.68 M,+12.23 M,-81.15 M,10676000.0
MAPI,Consumer Discretionary,Department Stores,1550.0,10.36,1.37,0.48,0.1761,4.13,-2070830000000.0,7860000000000.0,1310000000000.0,0.0715,0.29,0.22,10.0,0.006500000000000001,JUN,Annual,0.16181829,42.57,3.24,35429427000000.0,12058522000000.0,25730000000000.0,4421056000000.0,732478000000.0,10416221000000.0,20235245000000.0,12377392000000.0,47660000000000.0,28869465000000.0,18790000000000.0,4240000000000.0,2480000000000.0,16688976000000.0,,18740451000000.0,-555826000000.0,6537628000000.0,-2869904000000.0,-2911447000000.0,7.64,4470000000000.0,DOWNTREND,ABOVE MA200,TERKONFIRMASI,59.55,20.45,12.66,0,0,+3.75 B,+3.75 B,+3.78 B,+6.33 B,+7.97 B,+28.54 B,6329277000.0
MNCN,Communication Services,Advertising Agencies,121.0,1.36,0.07,0.05,0.0545,1.72,-787090000000.0,9660000000000.0,611800000000.0,0.0715,0.18,0.22,,,JUL,,,-13.22,3.13,25248445000000.0,20580232000000.0,1600000000000.0,812681000000.0,4052652000000.0,4491518000000.0,10934923000000.0,1278505000000.0,7100000000000.0,4120775000000.0,2980000000000.0,1100000000000.0,1200000000000.0,1792966000000.0,280475000000.0,23455479000000.0,-239390000000.0,783992000000.0,-911677000000.0,-265412000000.0,4.62,-3100000000.0,DOWNTREND,BELOW MA200,TERKONFIRMASI,27.41,-20.65,-18.96,-49.01 M,-254.90 M,+295.33 M,+492.92 M,+440.43 M,-16.80 B,-16.08 B,-19.82 B,-16802327400.0
MPMX,Consumer Discretionary,Auto & Truck Dealerships,1025.0,8.58,0.81,0.01,0.091,3.64,-115290000000.0,1360000000000.0,82200000000.0,0.0715,0.28,0.22,120.0,0.11710000000000001,JUN,Annual,-0.038092600000000004,4.69,4.07,7868387000000.0,2352925000000.0,4500000000000.0,1451680000000.0,194524000000.0,416733000000.0,3589191000000.0,2230956000000.0,16070000000000.0,14710189000000.0,1360000000000.0,678000000000.0,525659999999.99994,2301552000000.0,,5566835000000.0,-57005000000.0,797965000000.0,24305000000.0,-732397000000.0,11.89,682680000000.0,UPTREND,ABOVE MA200,TERKONFIRMASI,53.24,0.56,0.65,0,0,+11.86 M,+33.06 M,+44.58 M,-53.41 M,+128.89 M,-1.36 B,-53406500.0
PANR,Consumer Discretionary,Travel Services,396.0,6.73,0.45,0.16,0.1343,3.28,-5320000000.0,326900000000.0,16879999999.999998,0.0715,0.34,0.22,60.0,0.1515,MAY,Annual,0.06655908,,3.74,1918796000000.0,319368000000.0,549450000000.00006,257341000000.0,317067000000.0,906470000.0,892569000000.0,565668000000.0,4099999999999.9995,3677568000000.0,424380000000.0,211110000000.0,82530000000.0,675148000000.0,85120000000.0,1243648000000.0,-14282000000.0,-3840000000.0,8506000000.0,-54735000000.0,14.78,-9160000000.0,DOWNTREND,BELOW MA200,TERKONFIRMASI,32.53,-6.16,-5.51,-55600,-55600,-16200,-75400,-44600,-2.32 M,-1.60 M,-20.94 M,-2316600.0
RALS,Consumer Discretionary,Department Stores,378.0,9.43,0.67,0.12,0.0693,1.1,-252750000000.0,1900000000000.0,277800000000.0,0.0715,0.42,0.22,60.0,0.15869999999999998,MAY,Annual,-0.01933470000000001,9.51,3.69,4531442000000.0,3749312000000.0,2320000000000.0,1121563000000.0,5983000000.0,280312000000.0,2452303000000.0,557005000000.0,2180000000000.0002,1112086000000.0,1060000000000.0,170980000000.0,239830000000.0,1063959000000.0,,3467483000000.0,-28481000000.0,610365000000.0,-95981000000.0,-388107000000.0,6.0,357610000000.0,UPTREND,BELOW MA200,TERKONFIRMASI,42.19,-1.96,-1.33,0,0,-1.75 M,+1.09 M,+5.24 M,-22.94 M,+8.40 M,-1.22 B,-22940800.0
SCMA,Communication Services,Broadcasting,179.0,11.52,1.54,0.1,0.1356,7.65,-127860000000.0,4010000000000.0,268220000000.00003,0.0715,0.2,0.22,21.0,0.1173,JUN & NOV,Semi-Annual,-0.04762271999999999,-6.13,5.96,10415522000000.0,5702702000000.0,11370000000000.0,1104004000000.0,2021596000000.0,1312961000000.0,6774495000000.0,2768356000000.0,7110000000000.0,4242135000000.0,2870000000000.0,1200000000000.0,986750000000.0,3018599000000.0,,7396923000000.0,-14766000000.0,1288050000000.0,-1038466000000.0,-612670000000.0,81.04,1160000000000.0,DOWNTREND,BELOW MA200,TERKONFIRMASI,42.35,-5.88,-7.03,0,-42.21 M,+28.07 M,+385.23 M,+415.95 M,-6.00 B,-5.72 B,-8.74 B,-6001016800.0
SMSM,Consumer Discretionary,Auto Parts,1685.0,8.58,2.17,0.04,0.2883,5.01,-221690000000.0,3330000000000.0,246690000000.0,0.0715,0.08,0.22,140.0,0.08310000000000001,MAY & AUG,Quarterly,0.1432851,11.58,8.7,5716543000000.0,3721756000000.0,9700000000000.0,1239077000000.0,1194669000000.0,1622458000000.0,4314777000000.0,982612000000.0,5430000000000.0,3393176000000.0,2040000000000.0,1540000000000.0,1140000000000.0,1188811000000.0,43058000000.0,4527732000000.0,-14038000000.0,1086143000000.0,-181892000000.0,-728387000000.0,109.55,864450000000.0,DOWNTREND,BELOW MA200,TERKONFIRMASI,44.64,-10.2,-11.62,-29.73 M,-20.23 M,-5.71 M,+5.86 M,+11.61 M,-264.53 M,-351.31 M,-660.84 M,-264532000.0
SPTO,Consumer Discretionary,"Furnishings, Fixtures & Appliances",610.0,6.39,0.67,0.08,0.1184,5.75,-76210000000.0,695650000000.0,64069999999.99999,0.0715,-0.14,0.22,70.0,0.1148,JUN & NOV,Semi-Annual,0.03135232,5.5,2.87,3363145000000.0,740035000000.0,1650000000000.0,213260000000.0,561430000000.0,590739000000.0,1397402000000.0,701750000000.0,2830000000000.0,2028445000000.0,799120000000.0,338180000000.0,257550000000.0,911771000000.0,90971000000.0,2451375000000.0,-17047000000.0,383612000000.0,-58148000000.0,-266940000000.0,19.84,307400000000.0,DOWNTREND,BELOW MA200,DEATH CROSS 🩸,54.8,0.11,-0.44,0,0,+4.48 M,+9.59 M,+7.54 M,-13.21 M,+10.73 M,-361.77 M,-13210000.0
TOTO,Industrials,Building Products & Equipment,240.0,9.17,0.98,0.08,0.1074,5.35,-96970000000.0,1270000000000.0,93460000000.0,0.0715,-0.04,0.22,23.0,0.0958,JUN & NOV,Semi-Annual,-0.023198399999999997,11.49,4.21,3385253000000.0,2264539000000.0,2480000000000.0,213486000000.0,479431000000.0,862696000000.0,1592918000000.0,324750000000.0,2180000000000.0002,1654833000000.0,525090000000.00006,303520000000.0,270029999999.99997,862950000000.0,39793000000.0,2522303000000.0,-15303000000.0,233110000000.0,-73035000000.0,-326104000000.0,19.83,136139999999.99998,UPTREND,BELOW MA200,TERKONFIRMASI,50.29,0.37,0.69,0,0,0,0,0,+3.50 M,-39.48 M,-176.89 M,3500600.0
DVLA,Healthcare,Drug Manufacturers - Specialty & Generic,1585.0,13.03,1.18,0.0,0.091,5.28,-107240000000.0,1030000000000.0,73210000000.0,0.0715,-0.09,0.22,105.0,0.0663,JUN & OCT / NOV,Semi-Annual,0.010201099999999998,-1.44,3.25,2606431000000.0,1230300000000.0,1780000000000.0,471021000000.0,835956000000.0,542952000000.0,1927123000000.0,894814000000.0,2350000000000.0,1131801000000.0,1220000000000.0,173570000000.0,136229999999.99998,1106348000000.0,,1500083000000.0,-16670000.000000002,222642000000.0,-100990000000.0,-121282000000.0,10411.46,115400000000.0,DOWNTREND,BELOW MA200,DEATH CROSS 🩸,50.62,-0.44,-0.54,0,0,0,0,+158000,-102000,+2.34 M,+3.99 M,-102000.0
EPMT,Healthcare,Medical Distribution,2650.0,8.65,0.86,0.02,0.1054,5.23,-228810000000.0,6510000000000.0,180230000000.0,0.0715,-0.02,0.22,179.0,0.0676,MAY / JUN,,,-0.42,4.68,14269725000000.0,7889081000000.0,7180000000000.0,442589000000.0,5757128000000.0,5229456000000.0,12329514000000.0,5820547000000.0,35180000000000.0,31730816000000.0,3440000000000.0,1130000000000.0,830060000000.0,5966552000000.0,168900000.0,8303174000000.0,-13194000000.0,449271000000.0,-279559000000.0,-264045000000.0,85.35,220460000000.0,UPTREND,ABOVE MA200,TERKONFIRMASI,67.76,53.17,59.26,0,-21000,+278000,+278000,+1.92 M,+145.93 M,+177.86 M,+167.14 M,145926000.0
HEAL,Healthcare,Medical Care Facilities,600.0,23.13,1.29,0.51,0.0728,7.74,-1552090000000.0,474400000000.0,833660000000.0,0.0715,-0.19,0.22,10.5,0.0175,JUN,Annual,0.03514056,-17.24,3.87,11992249000000.0,3177778000000.0,9150000000000.0,571787000000.0,1404235000000.0,130692000000.0,2224782000000.0,1750386000000.0,7350000000000.0,5044229000000.0,2310000000000.0,935660000000.0,397880000000.0,4895163000000.0,3022704000000.0,7097086000000.0,-230521000000.0,1208342000000.0,-1690342000000.0,-361440000000.0,4.06,-343750000000.0,DOWNTREND,BELOW MA200,TERKONFIRMASI,33.84,-25.86,-26.29,0,-67.49 M,-163.37 M,+65.30 M,+134.55 M,-1.03 B,-6.76 B,-11.65 B,-1026869500.0
KLBF,Healthcare,Drug Manufacturers - General,775.0,9.74,1.36,0.03,0.1477,6.29,-830890000000.0,14330000000000.0,426280000000.0,0.0715,-0.05,0.22,20.0,0.0258,JUN,Annual,0.11067161,3.21,7.45,33078098000000.0,26357160000000.0,35070000000000.0,4831831000000.0,6582713000000.0,7923721000000.0,20983437000000.0,6654567000000.0,37720000000000.0,23626879000000.0,14100000000000.0,4620000000000.0,3610000000000.0,7314030000000.0,155334000000.0,25764068000000.0,-26852000000.0,3224025000000.0,-1105823000000.0,-1164146000000.0,171.99,2390000000000.0,DOWNTREND,BELOW MA200,TERKONFIRMASI,58.16,-4.02,-8.3,+1.41 B,+1.41 B,+1.63 B,+2.45 B,+2.57 B,+2.24 B,+24.87 B,+14.90 B,2235134500.0
MARK,Healthcare,Medical Instruments & Supplies,1195.0,13.44,5.05,0.0,0.37979999999999997,10.22,-33799999999.999996,374750000000.0,32420000000.0,0.0715,0.24,0.22,90.0,0.0753,MAY & AUG,Semi-Annual,-0.006190739999999992,-3.02,16.95,1024525000000.0,738297000000.0,4540000000000.0,43210000000.0,203547000000.0,216499000000.0,491881000000.0,117126000000.0,1030000000000.0,543451000000.0,485250000000.0,406460000000.0,336510000000.0,129890000000.0,,894635000000.0,-1115000000.0,329822000000.0,-43797000000.0,-389299000000.0,364.6,296020000000.0,UPTREND,ABOVE MA200,TERKONFIRMASI,58.77,25.15,25.54,+60.47 M,-98.68 M,+1.92 M,+877.86 M,+701.41 M,+2.03 B,+4.72 B,+15.95 B,2026005500.0
MIKA,Healthcare,Medical Care Facilities,1745.0,16.77,2.86,0.0,0.18960000000000002,10.18,-1211450000000.0,2550000000000.0,352280000000.0,0.0715,-0.09,0.22,43.0,0.0246,MAY,Annual,0.10913376000000001,3.35,13.43,9983144000000.0,6592390000000.0,24240000000000.0,2852487000000.0,765560000000.0,63310000000.0,3973599000000.0,1426924000000.0,5570000000000.0,2621641000000.0,2950000000000.0,1760000000000.0,1410000000000.0,1716946000000.0,7797000000.0,8266198000000.0,-17736000000.0,2079519000000.0,-819494000000.0,-648862000000.0,99.42,868070000000.0,DOWNTREND,BELOW MA200,TERKONFIRMASI,49.36,-29.93,-32.14,+27.31 M,+26.47 M,+24.05 M,+35.65 M,+35.65 M,-413.63 M,+832.19 M,-3.64 B,-413634500.0
PRDA,Healthcare,Diagnostics & Research,3010.0,12.56,1.14,0.01,0.0922,4.66,-83900000000.0,809010000000.0,108940000000.0,0.0715,0.03,0.22,162.68,0.0541,MAY / APR,Annual,0.03227922000000001,-18.32,6.85,2642712000000.0,1224329000000.0,2680000000000.0,542734000000.0,204706000000.0,48130000000.0,994798000000.0,185789000000.0,2370000000000.0,999317000000.0,1370000000000.0,247660000000.0,214690000000.0,301000000000.0,665000000.0,2341712000000.0,-1788000000.0,454972000000.0,-283663000000.0,-220241000000.0,138.51,371080000000.0,UPTREND,ABOVE MA200,TERKONFIRMASI,74.82,78.11,69.27,0,+37.74 M,+239.79 M,+292.68 M,+280.59 M,+323.77 M,+874.86 M,+687.44 M,323773000.0
SIDO,Consumer Staples,Packaged Foods,352.0,10.85,3.48,0.0,0.304,7.51,-62050000000.0,1390000000000.0,127050000000.0,0.0715,0.01,0.22,37.0,0.1051,MAY & NOV,Semi-Annual,-0.04003679999999998,-5.06,37.54,3260699000000.0,1142984000000.0,10360000000000.0,475644000000.0,539501000000.0,555860000000.0,1604795000000.0,213316000000.0,3720000000000.0,1652742000000.0,2060000000000.0,1200000000000.0,962390000000.0,265525000000.0,,2995174000000.0,-1407000000.0,1205337000000.0,-64091000000.0,-1274072000000.0,850.46,1140000000000.0,DOWNTREND,BELOW MA200,TERKONFIRMASI,50.19,-0.76,-1.43,-11.24 M,-11.24 M,+16.41 M,+104.18 M,+104.18 M,+48.31 M,-1.52 B,-10.30 B,48306200.0
SILO,Healthcare,Medical Care Facilities,1905.0,20.17,2.37,0.23,0.1311,8.54,-1851560000000.0,-1386930000000.0,542130000000.0,0.0715,-0.01,0.22,,,MAY,,,12.81,5.02,15832534000000.0,4475050000000.0,24740000000000.0,1226974000000.0,1929087000000.0,208570000000.0,3596776000000.0,4983701000000.0,13510000000000.0,8472485000000.0,5030000000000.0,1870000000000.0,1240000000000.0,5289391000000.0,,10543143000000.0,-116722000000.0,2474830000000.0,-1848574000000.0,-621412000000.0,16.04,623270000000.0,DOWNTREND,BELOW MA200,TERKONFIRMASI,36.42,-55.07,-49.14,-9.39 M,+1.11 M,-52.34 M,-111.49 M,-113.97 M,-64.30 M,+98.87 M,-192.01 M,-64304500.0
TSPC,Industrials,Conglomerates,2600.0,7.93,1.15,0.12,0.1539,3.75,-538090000000.00006,6580000000000.0,296800000000.0,0.0715,0.13,0.22,150.0,0.057699999999999994,JUN & NOV,Semi-Annual,0.11154672,12.38,4.62,14198435000000.0,9112118000000.0,11730000000000.0,5367042000000.0,1438217000000.0,2457474000000.0,10029082000000.0,3447912000000.0,14520000000000.0,9021779000000.0,5490000000000.0,1780000000000.0,1480000000000.0,3981331000000.0,,10217104000000.0,-63008000000.0,1784671000000.0,-653494000000.0,-440708000000.0,28.19,1250000000000.0,DOWNTREND,BELOW MA200,TERKONFIRMASI,34.63,-28.83,-23.49,-26.84 M,-33.71 M,-22.49 M,-18.03 M,-5.83 M,-52.44 M,+130.95 M,+104.72 M,-52442000.0
ADMF,Financials,Credit Services,8375.0,5.57,0.67,1.26,0.1376,,-75040000000.0,29690000000000.0,137830000000.0,0.0715,0.22,0.22,630.0,0.07519999999999999,MAY,Annual,0.080152,4.46,,38617652000000.0,12577906000000.0,10270000000000.0,1391600000000.0,,,,,7950000000000.0,,7820000000000.0,,1850000000000.0,23146170000000.0,13982585000000.0,15471482000000.0,,1076566000000.0,282788000000.0,-1490085000000.0,,1000000000000.0,DOWNTREND,BELOW MA200,DEATH CROSS 🩸,39.89,-82.14,-57.52,-2.69 M,-2.69 M,-2.69 M,+3.79 M,-560000,-287.41 M,-144.18 M,+293.90 M,-287412500.0
AMAG,Financials,Insurance - Property & Casualty,388.0,10.18,0.9,,0.0959,8.24,,-58760000000.0,,0.0715,-0.15,0.22,40.0,0.10310000000000001,MAY,Annual,0.02041711000000001,4.92,,6309410000000.0,995093000000.0,1920000000000.0,250267000000.0,,,,,3110000000000.0,,545080000000.00006,191770000000.0,188550000000.0,4172238000000.0,,2137172000000.0,,96719000000.0,41559000000.0,-199790000000.0,,38700000000.0,DOWNTREND,BELOW MA200,TERKONFIRMASI,51.97,-0.33,-0.61,0,0,+46600,-39000,+101000,-1.68 M,+13.08 M,-22.90 M,-1684800.0
ASDM,Financials,Insurance - Diversified,510.0,9.69,0.54,0.01,0.0537,6.36,-6670000000.0,761080000000.0,,0.0715,0.07,0.22,32.0,0.06280000000000001,JUL,Annual,0.021055769999999998,-0.05,,1175212000000.0,306200000000.0,195840000000.0,11633000000.0,,,,,331320000000.0,,148950000000.0,21250000000.0,20210000000.0,813894000000.0,,361317000000.0,-542420000.0,9144000000.0,11830000000.0,-22576000000.0,39.18,2470000000.0,DOWNTREND,BELOW MA200,TERKONFIRMASI,48.67,-1.69,-1.83,0,0,0,+10500,+10500,-154500,+1.70 M,-73.39 M,-154500.0
BBCA,Financials,Banks - Regional,6000.0,12.72,2.72,0.19,0.2182,,-2438360000000.0,-1189322590000000.0,,0.0715,-0.02,0.22,336.0,0.055999999999999994,MAR & DEC,Quarterly,0.05372084000000002,13.1,,1660579336000000.0,255755942000000.0,737050000000000.0,50668055000000.0,,,,,109300000000000.0,,107060000000000.0,,58060000000000.0,1389911590000000.0,460834000000.0,270667746000000.0,,-21951307000000.0,-81091981000000.0,92689041000000.0,,-24389660000000.0,DOWNTREND,BELOW MA200,TERKONFIRMASI,37.11,-96.2,-77.09,-5.66 B,-13.79 B,-25.20 B,-18.46 B,-5.27 B,-48.99 B,+7.68 B,-114.86 B,-48993315000.0
BBKP,Financials,Banks - Regional,43.0,,1.0,3.71,-0.0292,,-328200000000.0,-35417480000000.0,,0.0715,0.58,0.22,,,-,,,,,93013500000000.0,-20959475000000.0,8080000000000.0,9450219000000.0,,,,,996760000000.0,,772280000000.0,,-304770000000.0,84748954000000.0,23358543000000.0,8264546000000.0,,-1212746000000.0,-4435644000000.0,9205834000000.0,,-1540940000000.0,DOWNTREND,BELOW MA200,TERKONFIRMASI,35.68,-3.03,-2.85,-134.01 M,+449.07 M,+532.29 M,+823.70 M,+823.70 M,-1.85 B,-2.12 B,-3.32 B,-1853827500.0
BBNI,Financials,Banks - Regional,3410.0,6.2,0.76,0.72,0.1245,,-2954440000000.0,-923114970000000.0,,0.0715,0.21,0.22,374.06,0.1097,MAR,Annual,0.0461646,13.66,,1461001157000000.0,121306386000000.0,126650000000000.0,130455450000000.0,,,,,51940000000000.0,,51200000000000.0,,20700000000000.0,1292770492000000.0,79649108000000.0,168230665000000.0,,-183629706000000.0,-12385237000000.0,219376441000000.0,,-186584150000000.0,DOWNTREND,BELOW MA200,TERKONFIRMASI,33.65,-79.15,-66.74,-956.36 M,-1.29 B,-1.29 B,-219.62 M,+50.80 M,-8.61 B,+30.25 B,+36.04 B,-8608062000.0
BBRI,Financials,Banks - Regional,3030.0,7.72,1.44,1.04,0.18989999999999999,,-3805630000000.0,-1645334750000000.0,,0.0715,0.18,0.22,346.0,0.1142,MAR,Semi-Annual,0.027421559999999994,11.31,,2352380589000000.0,221570653000000.0,456570000000000.0,106437298000000.0,,,,,146840000000000.0,,144500000000000.0,,61240000000000.0,2023705711000000.0,52705629000000.0,328674878000000.0,,-91542500000000.0,-42294829000000.0,100117461000000.0,,-95348130000000.0,UPTREND,BELOW MA200,TERKONFIRMASI,36.05,-39.87,-20.61,-16.59 B,-13.94 B,-15.33 B,-9.91 B,-13.32 B,-49.39 B,+153.18 B,-47.25 B,-49393658000.0
BBTN,Financials,Banks - Regional,1055.0,3.57,0.4,1.8,0.1174,,-1853420000000.0,-347809280000000.0,,0.0715,0.37,0.22,53.57,0.0508,MAR,,,6.45,,545161326000000.0,24297606000000.0,14810000000000.0,6725199000000.0,,,,,17540000000000.0,,16110000000000.0,,4200000000000.0,507603540000000.0,61162735000000.0,37557786000000.0,,-44024000000000.0,-14991342000000.0,55787642000000.0,,-45877420000000.0,DOWNTREND,BELOW MA200,TERKONFIRMASI,30.77,-38.18,-34.65,-67.67 M,-209.20 M,+105.15 M,+105.15 M,+178.32 M,-2.11 B,+70.81 M,+11.02 B,-2106956500.0
BDMN,Financials,Banks - Regional,4910.0,10.6,0.79,0.66,0.0874,,-552310000000.0,-187372420000000.0,,0.0715,0.72,0.22,142.19,0.028999999999999998,APR,Annual,0.06613558000000001,23.76,,301303963000000.0,40931887000000.0,47990000000000.0,12853589000000.0,,,,,20000000000000.0,,20000000000000.0,,4560000000000.0,239897198000000.0,11159078000000.0,61406765000000.0,,-20193069000000.0,-5351266000000.0,29449152000000.0,,-20745380000000.0,UPTREND,ABOVE MA200,TERKONFIRMASI,71.83,131.75,78.63,-130.81 M,+539.41 M,+1.96 B,+2.36 B,+2.42 B,+3.22 B,+7.38 B,+121.98 B,3219175000.0
BFIN,Financials,Credit Services,945.0,8.6,1.25,1.18,0.1536,,-124760000000.0,16059999999999.998,143780000000.0,0.0715,0.37,0.22,70.0,0.0741,MAY & NOV,Semi-Annual,0.057077759999999984,7.31,,25060166000000.0,10289457000000.0,13940000000000.0,1392586000000.0,,,,,4570000000000.0,,4490000000000.0,,1650000000000.0,14114905000000.0,5749442000000.0,10945261000000.0,,2474911000000.0,-127663000000.0,-2208811000000.0,,2350000000000.0,UPTREND,ABOVE MA200,TERKONFIRMASI,52.01,-3.05,1.46,+761.33 M,+761.33 M,+737.01 M,+1.14 B,+1.40 B,-1.04 B,+15.39 B,+14.10 B,-1044796000.0
BMRI,Financials,Banks - Regional,4000.0,6.14,1.31,1.2,0.2238,,-4817010000000.0,-1606481170000000.0,,0.0715,-0.06,0.22,476.96,0.1192,MAR,Semi-Annual,0.06391728000000002,17.3,,2527568193000000.0,217223936000000.0,373330000000000.0,108174975000000.0,,,,,143510000000000.0,,140950000000000.0,,62250000000000.0,2234544953000000.0,161718820000000.0,293023240000000.0,,-292997791000000.0,6080017000000.0,301980901000000.0,,-297814800000000.0,DOWNTREND,BELOW MA200,TERKONFIRMASI,36.82,-60.48,-51.95,-13.08 B,-13.08 B,-13.08 B,-6.98 B,-5.48 B,-56.24 B,-77.57 B,-195.09 B,-56235548000.0
BRIS,Financials,Banks - Regional,1335.0,7.95,1.24,0.07,0.16149999999999998,,-2187320000000.0002,-11501600000000.0,,0.0715,0.12,0.22,22.78,0.0171,MAY,Annual,0.13087959999999998,18.63,,464507837000000.0,31208799000000.0,61580000000000.0,21435451000000.0,,,,,25320000000000.0,,25320000000000.0,,7980000000000.0,413467216000000.0,1071488000000.0,51040621000000.0,,4693782000000.0,8969620000000.0,-1396627000000.0,,2510000000000.0,DOWNTREND,BELOW MA200,TERKONFIRMASI,13.63,-97.92,-82.77,-1.63 B,-2.79 B,-2.94 B,-2.94 B,-3.16 B,-14.20 B,-5.78 B,+5.04 B,-14202334000.0
DNAR,Financials,Banks - Regional,127.0,9.56,0.54,0.1,0.058600000000000006,,-4560000000.0,-9253390000000.0,,0.0715,0.01,0.22,,,-,,,55.47,,14381163000000.0,558342000000.0,2120000000000.0,268873000000.0,,,,,594970000000.0,,567420000000.0,,223010000000.0,10471449000000.0,,3909715000000.0,,-1660736000000.0,-480402000000.0,1813266000000.0,,-1665290000000.0,UPTREND,BELOW MA200,TERKONFIRMASI,52.39,-1.14,-1.2,+145900,+145900,+1.48 M,+2.34 M,+1.89 M,-13.55 M,+204.33 M,+206.89 M,-13554900.0
NISP,Financials,Banks - Regional,1235.0,5.45,0.64,0.73,0.1222,,-226650000000.0,-250466550000000.0,,0.0715,0.04,0.22,45.0,0.0364,APR,Annual,0.09804106,15.69,,329494447000000.0,35317512000000.0,28340000000000.0,6397479000000.0,,,,,12680000000000.0,,12680000000000.0,,5220000000000.0,285121210000000.0,178800000000.0,44373237000000.0,,-4609130000000.0,-27069408000000.0,20813560000000.0,,-4835780000000.0,DOWNTREND,BELOW MA200,DEATH CROSS 🩸,40.93,-5.86,-3.34,-24.07 M,-24.07 M,-15.46 M,-8.64 M,-51.01 M,-275.78 M,+442.18 M,-428.92 M,-275783000.0
PANS,Financials,Capital Markets,1635.0,6.83,0.79,0.03,0.12140000000000001,,-10490000000.0,1450000000000.0,,0.0715,0.01,0.22,250.0,0.15289999999999998,JUL,Annual,-0.004188299999999997,2.63,,2203108000000.0,1342853000000.0,1160000000000.0,14758000000.0,945160000000.0,,,,471560000000.0,,437230000000.0,,171930000000.0,722128000000.0,,1480979000000.0,,75858000000.0,-9746000000.0,-95714000000.0,,65370000000.00001,UPTREND,ABOVE MA200,TERKONFIRMASI,49.93,9.24,13.19,-1.20 M,-1.20 M,-94500,-469500,-469500,+9.56 M,+4.15 M,-493.19 M,9562000.0
BBYB,Financials,Banks - Regional,196.0,4.48,0.59,0.05,0.1407,,-24450000000.0,-9108940000000.0,,0.0715,0.91,0.22,,,-,,,,,17453519000000.0,-1413403000000.0,2620000000000.0,1272921000000.0,,,,,1450000000000.0,,1450000000000.0,,584490000000.0,13034025000000.0,,4419494000000.0,,3331483000000.0,-977632000000.0,-1117752000000.0,,3310000000000.0,DOWNTREND,BELOW MA200,TERKONFIRMASI,29.36,-14.19,-13.29,-101.10 M,-145.75 M,-36.58 M,+102.33 M,+148.43 M,-5.05 B,+3.09 B,+898.80 M,-5045131400.0
SRTG,Financials,Asset Management,1765.0,7.13,0.44,0.02,0.0634,,-26780000000.0,53330000000000.0,5280000000.0,0.0715,0.35,0.22,103.3,0.058499999999999996,MAY,Annual,0.0330631,,6.2,57540414000000.0,47930317000000.0,23920000000000.0,1628593000000.0,1065000000.0,,53354200000000.0,28069000000.0,4410000000000.0,,4410000000000.0,4160000000000.0,3340000000000.0,3842183000000.0,1148188000000.0,53698231000000.0,-103056000000.0,2371042000000.0,-26775000000.0,-2734387000000.0,40.41,2340000000000.0,DOWNTREND,ABOVE MA200,TERKONFIRMASI,47.87,-15.33,-13.85,+4.42 M,+297500,+27.95 M,+53.92 M,-18.14 M,+20.16 M,+2.23 B,+443.59 M,20160500.0
BNGA,Financials,Banks - Regional,1685.0,6.18,0.75,0.66,0.1246,,-406280000000.0,-246956740000000.0,,0.0715,0.06,0.22,155.73,0.0924,APR,Annual,0.05069973999999999,10.65,,381966885000000.0,43390298000000.0,42360000000000.0,10681355000000.0,,,,,17970000000000.0,,17970000000000.0,,6860000000000.0,325659607000000.0,3088551000000.0,56307278000000.0,,-6865766000000.0,-379911000000.0,1417626000000.0,,-7272050000000.0,UPTREND,BELOW MA200,TERKONFIRMASI,42.71,-2.1,5.63,-64.53 M,-53.00 M,-37.98 M,-49.17 M,-34.50 M,+50.70 M,+665.70 M,-3.24 B,50700500.0
BKSL,Real Estate,Real Estate - Development,55.0,10.56,0.59,0.18,0.057800000000000004,10.8,-59440000000.0,2750000000000.0,26780000000.0,0.0715,-0.09,0.22,,,-,,,,2.79,21820632000000.0,1869218000000.0,9220000000000.0,234835000000.0,421269000000.0,2458736000000.0,5221257000000.0,2466982000000.0,3020000000000.0,1363137000000.0,1650000000000.0,1190000000000.0,905550000000.0,5739647000000.0,2163060000000.0,16080985000000.0,-252665000000.0,81315000000.0,-65211000000.0,61366000000.0,4.7,21870000000.0,DOWNTREND,BELOW MA200,TERKONFIRMASI,31.81,-4.18,-3.71,-157.35 M,-368.08 M,-203.06 M,-132.99 M,-132.99 M,-4.08 B,+7.07 B,-7.09 B,-4084276100.0
BSDE,Real Estate,Real Estate - Development,540.0,6.07,0.21,0.35,0.0415,6.5,-53270000000.0,23790000000000.0,826590000000.0,0.0715,0.15,0.22,,,-,,,6.65,1.57,81942881000000.0,34311600000000.0,11290000000000.0,8457918000000.0,148907000000.0,19554891000000.0,33093713000000.0,9307171000000.0,11150000000000.0,4165559000000.0,6980000000000.0,3100000000000.0,1860000000000.0,28788877000000.0,16541623000000.0,53154003000000.0,-1560457000000.0,-1307120000000.0,-5431992000000.0,6236916000000.0,1.99,-1360390000000.0,DOWNTREND,BELOW MA200,TERKONFIRMASI,32.02,-22.85,-19.34,0,-124.86 M,-124.86 M,+470.09 M,+109.31 M,-9.10 B,-2.28 B,-11.27 B,-9102893500.0
CTRA,Real Estate,Real Estate - Development,540.0,3.96,0.37,0.29,0.10039999999999999,2.96,-471130000000.0,14400000000000.0,535870000000.0,0.0715,0.17,0.22,36.0,0.0667,JUN,Annual,0.08270952,7.79,1.85,46623520000000.0,16269931000000.0,10010000000000.0,8602401000000.0,640676000000.0,12968412000000.0,25609470000000.0,11207086000000.0,11930000000000.0,6288805000000.0,5640000000000.0,3520000000000.0,2520000000000.0,19246061000000.0,6937524000000.0,27377459000000.0,-532993000000.0,148466000000.0,-1249453000000.0,-494015000000.0,6.6,-322670000000.0,DOWNTREND,BELOW MA200,TERKONFIRMASI,34.76,-18.6,-17.25,-23.59 M,-8.86 M,-8.86 M,+44.50 M,+87.99 M,-1.44 B,-308.45 M,-5.22 B,-1440702000.0
DMAS,Real Estate,Real Estate - Development,188.0,5.81,1.29,0.0,0.2354,4.65,-82160000000.0,5150000000000.0,45780000000.0,0.0715,0.19,0.22,29.0,0.1543,MAY / JUN,Annual,,16.89,4.06,8790484000000.0,1807272000000.0,9060000000000.0,2085030000000.0,,4469553000000.0,6804302000000.0,1650127000000.0,2500000000000.0,788092000000.0,1710000000000.0,1450000000000.0,1560000000000.0,1778971000000.0,,7011513000000.0,-15201000000.0,1543458000000.0,-54325000000.0,-971070000.0,95.68,1460000000000.0,UPTREND,ABOVE MA200,TERKONFIRMASI,52.72,1.66,2.55,0,-123.42 M,-214.87 M,+1.50 B,+1.44 B,+1.18 B,+54.64 B,+56.61 B,1181937500.0
DUTI,Real Estate,Real Estate - Development,4760.0,13.97,0.67,0.0,0.063,8.39,-5030000000.0,5580000000000.0,33460000000.0,0.0715,0.05,0.22,480.0,0.1008,GA NENTU,,,-0.91,2.74,16849864000000.0,8879995000000.0,8810000000000.0,3629034000000.0,23966000000.0,4000830000000.0,8743735000000.0,3162788000000.0,2970000000000.0,992970000000.0,1970000000000.0,942150000000.0,630510000000.0,3661515000000.0,,13188350000000.0,-116038000000.0,38873000000.0,-888046000000.0,738224000000.0,8.12,33840000000.000004,UPTREND,ABOVE MA200,TERKONFIRMASI,56.22,-5.32,18.86,+20000,+20000,-806000,-806000,-806000,-844000,+1.13 M,+2.95 M,-844000.0
PWON,Real Estate,Real Estate - Diversified,266.0,5.78,0.48,0.22,0.1003,4.68,-297920000000.0,7620000000000.0,788350000000.0,0.0715,0.24,0.22,13.0,0.0489,JUL,Annual,0.0720154,9.9,2.42,37695717000000.0,21311715000000.0,12810000000000.0,4461085000000.0,112718000000.0,4996815000000.0,11382688000000.0,3763209000000.0,7110000000000.0,3071464000000.0,4040000000000.0,2970000000000.0,2220000000000.0,10798964000000.0,5937498000000.0,26896753000000.0,-326275000000.0,3074783000000.0,-4608659000000.0,-1277846000000.0,9.09,2780000000000.0,DOWNTREND,BELOW MA200,TERKONFIRMASI,50.57,-1.64,-1.85,-63.57 M,+40.03 M,+391.67 M,+391.67 M,+510.43 M,-171.32 M,+2.87 B,-4.07 B,-171322600.0
RDTX,Real Estate,Real Estate Services,12525.0,8.05,0.97,,,5.63,-21830000000.0,637940000000.0,679270000.0,0.0715,0.21,0.22,478.0,0.0382,JUN / JUL & DEC,Semi-Annual,,16.34,,3843123000000.0,3346078000000.0,3370000000000.0,770906000000.0,22743000000.0,,,,600370000000.0,,402500000000.0,370220000000.0,417240000000.0,389099000000.0,,3454024000000.0,,508016000000.0,-38129000000.0,,,486180000000.0,DOWNTREND,BELOW MA200,TERKONFIRMASI,35.45,-170.42,-118.33,-675000,-5.73 M,-5.46 M,-5.43 M,-5.62 M,-6.95 M,-46.66 M,-91.55 M,-6945000.0
SMRA,Real Estate,Real Estate - Development,236.0,6.54,0.24,0.92,0.0678,6.59,-207950000000.0,1430000000000.0,400300000000.0,0.0715,0.32,0.22,5.0,0.0212,JUN,Annual,0.05091102,11.62,0.89,41303952000000.0,9022210000000.0,3900000000000.0,4838797000000.0,237113000000.0,11231096000000.0,17653615000000.0,16220045000000.0,8439999999999.999,4233374000000.0,4200000000000.0,2410000000000.0,595430000000.0,24913125000000.0,5566096000000.0,16390827000000.0,-1166423000000.0,1460341000000.0,-4332269000000.0,3966413000000.0,2.07,1250000000000.0,DOWNTREND,BELOW MA200,TERKONFIRMASI,23.77,-20.48,-19.22,0,-60.75 M,-60.75 M,+40.85 M,-45.25 M,-12.89 B,-11.74 B,-14.31 B,-12887730400.0
SSIA,Industrials,Engineering & Construction,1690.0,39.07,0.95,0.29,,13.36,-1542290000000.0,1260000000000.0,193340000000.0,0.0715,0.86,0.22,5.0,0.003,JUN,Annual,,,2.17,13025799000000.0,3229943000000.0,7950000000000.0,1093013000000.0,1730909000000.0,391879000000.0,3537391000000.0,2274043000000.0,5660000000000.0,4132994000000.0,1530000000000.0,682760000000.0,205530000000.0,4544354000000.0,1648695000000.0,8481445000000.0,-147610000000.0,40003000000.0,-1572107000000.0,938208000000.0,4.63,-1502290000000.0,DOWNTREND,ABOVE MA200,TERKONFIRMASI,47.19,-11.03,-14.37,-209.31 M,-639.10 M,-268.31 M,+563.99 M,+293.14 M,+217.85 M,+31.45 B,+61.01 B,217845500.0
BUKA,Consumer Discretionary,Internet Retail,100.0,5.16,0.38,0.0,0.0782,,-17380000000.0,18870000000000.0,15830000000.0,0.0715,0.19,0.22,,,-,,,,15.6,24879815000000.0,-7934993000000.0,9180000000000.0,14249893000000.0,322348000000.0,277291000000.0,19319656000000.0,450671000000.0,7410000000000.0,6848648000000.0,566020000000.0,-2591650000000.0,1860000000000.0,573356000000.0,,24306458000000.0,-12070000000.0,351855000000.0,-2954160000000.0,-973082000000.0,-214.71,334470000000.0,DOWNTREND,BELOW MA200,TERKONFIRMASI,34.98,-2.24,-1.99,0,-408.20 M,-453.71 M,-505.28 M,-416.34 M,-1.22 B,+3.53 B,-7.85 B,-1220584100.0
EMTK,Communication Services,Broadcasting,380.0,10.83,0.47,0.06,0.0758,7.6,-667730000000.0,25880000000000.0,754120000000.0,0.0715,0.3,0.22,10.0,0.0263,NOV,Semi-Annual,0.036747840000000004,,5.76,59875434000000.0,14424221000000.0,23250000000000.0,19853466000000.0,3261454000000.0,1963721000000.0,32631655000000.0,6746702000000.0,21120000000000.0,15708732000000.0,5410000000000.0,1330000000000.0,2240000000000.0,7898473000000.0,,51976961000000.0,-172742000000.0,3221573000000.0,-6540844000000.0,-357803000000.0,7.68,2550000000000.0,DOWNTREND,BELOW MA200,TERKONFIRMASI,27.86,-31.14,-29.0,-626.07 M,-840.88 M,-502.36 M,+130.21 M,+73.81 M,-6.15 B,-7.53 B,-31.12 B,-6152902200.0
GOTO,Technology,Software - Infrastructure,30.0,17287.99,1.1,0.28,-0.0116,,-313900000000.0,19260000000000.0,63300000000.0,0.0715,0.49,0.22,,,-,,,,-3.38,47476833000000.0,-214737614000000.0,31980000000000.0,23464625000000.0,4180358000000.0,63919000000.0,31221418000000.0,11963536000000.0,20760000000000.0,8306567000000.0,12450000000000.0,575230000000.0,1850000000.0,18495889000000.0,6220973000000.0,28980944000000.0,-670413000000.0,2643487000000.0,-30294000000.0,2821575000000.0,0.86,2330000000000.0,DOWNTREND,BELOW MA200,TERKONFIRMASI,17.51,-5.52,-3.97,0,-12.84 B,+24.04 B,+5.10 B,+200.17 B,+162.91 B,+162.91 B,+92.14 B,162912053500.0
MSTI,Technology,Information Technology Services,1330.0,7.49,1.92,0.05,0.2681,4.54,14720000000.0,2049999999999.9998,68930000000.0,0.0715,-0.29,0.22,122.0,0.0917,JUN,Semi-Annual,0.08399573,7.71,6.59,3160162000000.0,1485664000000.0,4179999999999.9995,932279000000.0,877661000000.0,773303000000.0,2897264000000.0,846420000000.0,5490000000000.0,4501715000000.0,984040000000.0,668120000000.0,557750000000.0,990801000000.0,21583000000.0,2169361000000.0,-8924000000.0,628296000000.0,45241000000.0,-396598000000.0,74.87,643020000000.0,UPTREND,BELOW MA200,TERKONFIRMASI,46.1,-4.54,-0.87,0,+1.74 M,+1.74 M,+6.68 M,+537500,-29.25 M,+211.76 M,-225.32 M,-29250000.0
MTDL,Technology,Electronics & Computer Distribution,500.0,7.37,0.95,0.52,0.1957,6.15,-10520000000.0,5620000000000.0,32920000000.0,0.0715,0.24,0.22,24.0,0.048,MAY,Annual,,10.37,3.55,15284097000000.0,4193192000000.0,6140000000000.0,1269398000000.0,4577326000000.0,6764880000000.0,14135267000000.0,8511547000000.0,29130000000000.0,26753501000000.0,2380000000000.0,1560000000000.0,833410000000.0,8834783000000.0,109013000000.0,6449314000000.0,-102323000000.0,-1713826000000.0,23997000000.0,1955717000000.0,15.23,-1724350000000.0,DOWNTREND,BELOW MA200,TERKONFIRMASI,45.08,-2.3,-2.96,-4.58 M,-4.58 M,+3.38 M,+4.12 M,+7.23 M,-63.21 M,+98.49 M,-25.13 M,-63205600.0
PTSN,Technology,Electronic Components,420.0,9.49,0.87,0.22,0.0956,4.21,-680460000000.0,273450000000.0,298310000000.0,0.0715,0.39,0.22,5.22,0.0124,JUN,Annual,0.07902296,Negatif/Deklinasi,,255470000.0,66370000.00000001,2230000000000.0,2920000.0,64269999.99999999,40450000.0,112930000.0,97650000.0,5630000000000.0,283360000.0,561470000000.0,293100000000.0,213860000000.0,125640000.0,21250000.0,129830000.00000001,-1610000.0,30260000.0,-37900000.0,-730000.0,10.2,-139060000000.0,UPTREND,ABOVE MA200,TERKONFIRMASI,61.61,16.46,20.57,+432.61 M,+432.61 M,+432.61 M,+434.59 M,+428.14 M,+7.12 B,+7.23 B,+7.10 B,7122694400.0
WIRG,Technology,Information Technology Services,58.0,9.15,0.75,0.15,0.0755,6.04,-67099999.99999999,382270000000.0,35640000000.0,0.0715,0.72,0.22,,,-,,,22.17,3.67,1525607000000.0,342157000000.0,692440000000.0,70615000000.0,672928000000.0,794260000.0,863492000000.0,481226000000.0,2400000000000.0,2112085000000.0,290370000000.0,101020000000.0,77010000000.0,586024000000.0,81572000000.0,939584000000.0,-15959000000.0,15723000000.0,-31994000000.0,-5996000000.0,6.33,15660000000.0,UPTREND,BELOW MA200,TERKONFIRMASI,37.19,-3.67,-2.81,-31.09 M,-69.12 M,+27.43 M,+112.32 M,+112.32 M,-3.46 B,+14.22 B,+12.34 B,-3458502800.0
CBDK,Real Estate,Real Estate Services,3450.0,7.81,1.46,0.02,0.20879999999999999,7.46,-236730000000.0,3820000000000.0,68150000000.00001,0.0715,,0.22,5.0,0.0014000000000000002,MAY,,,71.42,3.3,22220999000000.0,3904949000000.0,19470000000000.0,3425900000000.0,6707000000.0,6926734000000.0,11377102000000.0,7555753000000.0,3510000000000.0,740602000000.0,2770000000000.0,2550000000000.0,2530000000000.0,8750857000000.0,172459000000.0,13470142000000.0,-22103000000.0,178409000000.0,-945591000000.0,-356718000000.0,115.57,-58320000000.0,DOWNTREND,BELOW MA200,TERKONFIRMASI,41.49,-94.45,-90.45,-39.82 M,-62.16 M,-37.98 M,+237.25 M,+237.25 M,-1.42 B,+3.62 B,-3.63 B,-1418050000.0
CDIA,Utilities,Utilities - Regulated Electric,550.0,56.49,3.59,0.69,0.0692,30.12,-3755310000000.0,11010000000000.0,,0.0715,,0.22,6.99,0.0128,MAY,Semi-Annual,0.012096160000000003,,,1933000000.0,98910000.0,67989999999999.99,420330000.0,19090000.0,3130000.0,677390000.0,62080000.0,2920000000000.0,,626370000000.0,290510000000.0,1260000000000.0,826280000.0,753650000.0,1107000000.0,-37390000.0,-6010000.0,-521669999.99999994,613650000.0,0.43,-3862840000000.0,DOWNTREND,BELOW MA200,TERKONFIRMASI,31.14,-30.19,-27.04,-748.51 M,-834.32 M,-1.43 B,-621.51 M,-842.12 M,-10.12 B,+4.69 B,-2.11 B,-10121885500.0
JKON,Industrials,Conglomerates,81.0,4.75,0.39,0.02,0.08539999999999999,2.7,-58570000000.0,1350000000000.0,39330000000.0,0.0715,0.13,0.22,2.0,0.024700000000000003,JUN,Annual,0.06912275999999999,,2.93,4607156000000.0,2431579000000.0,1320000000000.0,364202000000.0,1419888000000.0,458638000000.0,2453852000000.0,1108272000000.0,4720000000000.0,4050445000000.0,671450000000.0,224240000000.0,278040000000.0,1207102000000.0,44070000000.0,3400054000000.0,-6271000000.0,163774000000.0,-38429000000.0,-116948000000.0,35.76,105210000000.0,UPTREND,ABOVE MA200,TERKONFIRMASI,46.52,-0.87,-0.79,0,-1.66 M,+2.73 M,+6.74 M,+6.74 M,-137.46 M,+12.71 B,+13.10 B,-137455000.0
JSMR,Industrials,Infrastructure Operations,2620.0,5.14,0.3,1.24,0.0824,8.72,-127040000000.0,-9978900000000.0,3150000000000.0,0.0715,0.23,0.22,156.23,0.0596,MAY,Annual,0.057127920000000006,18.01,0.71,163213860000000.0,30228056000000.0,19020000000000.0,7081876000000.0,,180523000000.0,10150282000000.0,20129185000000.0,29050000000000.0,16205711000000.0,12850000000000.0,9720000000000.0,3700000000000.0,99983671000000.0,69292111000000.0,63230189000000.0,-3582505000000.0,7470838000000.0,-11827428000000.0,4965488000000.0,2.71,7340000000000.0,DOWNTREND,BELOW MA200,TERKONFIRMASI,37.32,-68.71,-55.51,0,-72.62 M,+47.46 M,+454.46 M,+349.44 M,-648.62 M,+864.52 M,+9.38 B,-648622000.0
PGAS,Utilities,Utilities - Regulated Gas,1440.0,8.33,0.54,0.29,0.1009,2.69,-3357040000000.0,17750000000000.0,,0.0715,0.14,0.22,182.08,0.1264,JUN,Annual,-0.01148241999999999,0.0,,6202000000.0,3022000000.0,34909999999999.996,1360000000.0,387350000.0,157180000.0,2088000000.0,1041000000.0,66769999999999.99,,12090000000000.0,9160000000000.0,4130000000000.0,2474000000.0,550150000.0,3728000000.0,-50400000.0,499550000.0,-118900000.0,-559280000.0,10.73,5110000000000.0,DOWNTREND,BELOW MA200,TERKONFIRMASI,46.02,-26.48,-26.4,+278.65 M,+278.65 M,+420.25 M,+1.27 B,+1.12 B,-4.33 B,-3.77 B,-37.31 B,-4334998500.0
PGEO,Utilities,Utilities - Renewable,995.0,15.99,1.18,0.37,0.0751,7.04,-1687110000000.0,11930000000000.0,18690000000.0,0.0715,-0.75,0.22,53.09,0.053399999999999996,JUN,Annual,-0.05666295,Negatif/Deklinasi,,2967000000.0,287210000.0,41690000000000.0,656630000.0,170910000.0,28310000.0,865490000.0,198350000.0,8279999999999.999,,4320000000000.0005,3740000000000.0,2650000000000.0,961180000.0,721580000.0,2006000000.0,-30830000.0,321880000.0,-92480000.0,-293730000.0,6.78,4070000000000.0005,DOWNTREND,BELOW MA200,TERKONFIRMASI,45.71,-14.11,-10.93,-126.68 M,-43.23 M,+217.94 M,+469.17 M,+326.07 M,+357.95 M,+6.08 B,+5.65 B,357955000.0
POWR,Utilities,Utilities - Independent Power Producers,970.0,12.35,1.22,0.49,0.0987,5.19,-1120870000000.0,6620000000000.0,1150000000000.0,0.0715,0.07,0.22,74.99,0.07730000000000001,MAY & DEC,Semi-Annual,0.001964129999999992,Negatif/Deklinasi,,1192000000.0,296490000.0,15380000000000.0,123950000.0,58700000.0,66349999.99999999,430730000.0,60550000.0,9960000000000.0,,4410000000000.0,1980000000000.0,1240000000000.0,486250000.0,343570000.0,705530000.0,-20350000.0,140590000.0,-117890000.0,-71190000.0,5.43,1390000000000.0,UPTREND,ABOVE MA200,TERKONFIRMASI,56.02,15.69,20.76,0,+8.15 M,-11.39 M,+108.82 M,+174.31 M,-261.41 M,+7.18 B,+6.52 B,-261407500.0
NRCA,Industrials,Engineering & Construction,530.0,7.15,1.01,0.25,0.1482,3.78,-8860000000.0,1080000000000.0001,15510000000.0,0.0715,-0.15,0.22,40.0,0.0755,MAY,Annual,0.07112117999999999,29.64,3.2,2884397000000.0,759909000000.0,1320000000000.0,583017000000.0,1843583000000.0,788360000.0,2466575000000.0,1386155000000.0,3610000000000.0,3193711000000.0,418920000000.0,278540000000.0,192010000000.0,1524667000000.0,12901000000.0,1359730000000.0,-24976000000.0,62691000000.0,-94410000000.0,28594000000.0,11.15,53830000000.0,UPTREND,BELOW MA200,TERKONFIRMASI,45.27,-3.13,-1.86,-53.79 M,-114.04 M,+82.41 M,+195.97 M,+187.90 M,+1.46 B,+4.38 B,-1.50 B,1458567500.0
ASSA,Industrials,Rental & Leasing Services,585.0,5.22,0.64,1.29,0.1816,3.37,-352840000000.0,-34270000000.000004,823540000000.0,0.0715,0.44,0.22,50.0,0.0855,JUN,Semi-Annual,0.10055192,25.07,1.63,9015924000000.0,1339825000000.0,2160000000000.0002,1124492000000.0,907497000000.0,158359000000.0,2422130000000.0,2456397000000.0,6220000000000.0,4155520000000.0,2060000000000.0,986030000000.0,413420000000.0,5620654000000.0,2781641000000.0,3395270000000.0,-289445000000.0,1097842000000.0,-534067000000.0,-359331000000.0,3.41,745000000000.0,DOWNTREND,BELOW MA200,TERKONFIRMASI,45.87,-11.41,-11.38,+177.53 M,+98.89 M,+98.89 M,+142.52 M,+205.26 M,-289.01 M,-670.38 M,-3.54 B,-289014500.0
HAIS,Industrials,Marine Shipping,175.0,6.46,0.55,0.68,0.0888,5.3,-443760000000.0,67580000000.0,71090000000.0,0.0715,0.1,0.22,15.37,0.08779999999999999,APR,Annual,0.05617488000000001,11.57,1.59,1579537000000.0,402061000000.0,459590000000.0,84315000000.0,195237000000.0,22105000000.0,344245000000.0,276669000000.0,818060000000.0,626166000000.0,191900000000.0,111760000000.0,71100000000.0,747992000000.0,453861000000.0,831545000000.0,-29957000000.0,211897000000.0,-459191000000.0,227074000000.0,3.73,-231860000000.0,DOWNTREND,BELOW MA200,TERKONFIRMASI,35.91,-2.4,-1.93,0,0,0,0,-449200,-15.64 M,+14.97 M,-7.92 M,-15639200.0
IPCC,Industrials,Integrated Freight & Logistics,1055.0,7.84,1.48,0.36,0.1912,3.57,-3030000000.0,900150000000.0,-33450000000.000004,0.0715,0.16,0.22,95.11,0.0902,JUN & DEC,Semi-Annual,0.05713056,32.57,3.53,2045844000000.0,375149000000.0,1920000000000.0,1110987000000.0,83523000000.0,,1218683000000.0,318530000000.0,927910000000.0,546216000000.0,381690000000.0,311730000000.0,245950000000.0,739396000000.0,,1306448000000.0,-35669000000.0,366779000000.0,-1021000000.0,-217141000000.0,8.74,363750000000.0,DOWNTREND,BELOW MA200,TERKONFIRMASI,34.48,-23.33,-22.45,-3.24 M,-3.24 M,-503500,+19.14 M,-37.34 M,-113.08 M,-308.08 M,-226.33 M,-113077000.0
IPCM,Industrials,Marine Shipping,284.0,8.72,1.15,0.03,0.129,3.15,-26670000000.0,637160000000.0,14320000000.0,0.0715,0.12,0.22,24.32,0.08560000000000001,JUN & DEC,Semi-Annual,0.036442499999999996,5.02,4.44,1754355000000.0,478110000000.0,1500000000000.0,546829000000.0,356451000000.0,24537000000.0,1063983000000.0,426828000000.0,1490000000000.0,1095462000000.0,395020000000.0,219530000000.0,174450000000.0,428788000000.0,,1325567000000.0,-8423000000.0,379038000000.0,-26671000000.0,-262651000000.0,26.06,352370000000.0,DOWNTREND,BELOW MA200,TERKONFIRMASI,42.55,-3.45,-3.97,-806400,+3.16 M,+4.10 M,+5.93 M,+4.18 M,-5.41 M,-119.15 M,-196.65 M,-5411400.0
MAHA,Industrials,Trucking,137.0,6.05,1.22,0.31,0.2076,3.03,-180410000000.0,422660000000.0,70690000000.0,0.0715,0.25,0.22,12.0,0.0876,MAY,Annual,0.09773808,-2.03,3.8,2840478000000.0,652572000000.0,2250000000000.0,270881000000.0,706991000000.0,68717000000.0,1055810000000.0,633153000000.0,3340000000000.0,2641254000000.0,701350000000.0,551690000000.0,371760000000.0,994582000000.0,35833000000.0,1845897000000.0,-49033000000.0,672867000000.0,-154282000000.0,-518892000000.0,11.25,492460000000.0,DOWNTREND,BELOW MA200,TERKONFIRMASI,40.08,-2.07,-1.83,-16.37 M,-19.77 M,-8.33 M,-950300,-950300,+693.59 M,+804.01 M,+513.89 M,693585800.0
NELY,Industrials,Marine Shipping,192.0,,0.51,0.21,-0.0241,6.58,-70580000000.0,228100000000.0,89420000000.0,0.0715,0.23,0.22,25.0,0.13019999999999998,JUN & DEC,Semi-Annual,,,3.33,1113545000000.0,613025000000.0,451200000000.0,48073000000.0,22734000000.0,28084000000.0,329660000000.0,101560000000.0,283270000000.0,272069000000.0,11210000000.0,-16440000000.000002,-23270000000.0,235920000000.0,131070000000.0,877625000000.0,-17865000000.0,110724000000.0,-119957000000.0,-80346000000.0,-0.92,40140000000.0,DOWNTREND,BELOW MA200,TERKONFIRMASI,36.35,-4.05,-3.55,0,-63800,-63800,+1.66 M,+1.66 M,-17.77 M,+175.85 M,+47.24 M,-17773400.0
SMDR,Industrials,Marine Shipping,410.0,6.79,0.48,0.67,0.1033,2.81,-1853730000000.0,7050000000000.0,732530000000.0,0.0715,0.16,0.22,12.0,0.029300000000000003,JUL,Semi-Annual,0.08215449,Negatif/Deklinasi,1.9,1482000000.0,545790000.0,6710000000000.0,370100000.0,148130000.0,5830000.0,694750000.0,300700000.0,15110000000000.0,695020000.0,2670000000000.0,1670000000000.0,988720000000.0,694200000.0,260910000.00000003,787780000.0,-32080000.0,162080000.0,-130880000.0,-29220000.0,2.91,1050000000000.0,UPTREND,ABOVE MA200,TERKONFIRMASI,63.54,16.27,17.24,-122.63 M,-634.29 M,+2.56 B,+2.67 B,+2.60 B,+3.35 B,+9.12 B,+7.90 B,3353721400.0
TEBE,Industrials,Infrastructure Operations,2690.0,27.63,3.31,,0.1165,14.47,-3270000000.0,467900000000.0,58640000000.0,0.0715,0.26,0.22,156.0,0.057999999999999996,-,Semi-Annual,-0.07015630000000002,-5.3,27.47,1094844000000.0,623920000000.0,3460000000000.0,433413000000.0,27465000000.0,10638000000.0,507467000000.0,39564000000.0,489160000000.0,316010000000.0,173150000000.0,150770000000.0,125120000000.0,50952000000.0,,1043893000000.0,-26530000.0,128331000000.0,6588000000.0,-200460000000.0,5683.77,125060000000.0,UPTREND,ABOVE MA200,TERKONFIRMASI,76.31,287.7,250.79,0,0,0,0,0,+65.24 B,+106.89 B,+106.30 B,65242817000.0
TMAS,Industrials,Marine Shipping,129.0,11.03,2.16,0.58,0.2214,7.15,-1344760000000.0,172040000000.0,313160000000.0,0.0715,-0.14,0.22,4.0,0.031,MAY,Annual,,-1.14,3.75,5996884000000.0,3053198000000.0,7340000000000.0,381401000000.0,459031000000.0,234317000000.0,1196480000000.0,1024439000000.0,4960000000000.0,3927448000000.0,1030000000000.0,865420000000.0,654590000000.0,2646490000000.0,1459081000000.0,3350394000000.0,-97264000000.0,1005580000000.0,-1329696000000.0,289102000000.0,8.9,-339180000000.0,UPTREND,BELOW MA200,TERKONFIRMASI,45.65,-3.41,-2.47,+2.57 M,-6.08 M,+9.77 M,+65.04 M,+54.28 M,-308.04 M,+251.55 M,+58.16 M,-308042300.0
TPMA,Industrials,Marine Shipping,446.0,7.57,0.61,0.84,0.08779999999999999,4.74,-994270000000.0,-33520000000.000004,470250000000.0,0.0715,0.47,0.22,42.0,0.0942,MAY,Annual,0.02301237999999999,Negatif/Deklinasi,1.56,277490000.0,73150000.0,1560000000000.0,9960000.0,25810000.0,3620000.0,42830000.0,44710000.0,2180000000000.0002,94430000.0,493810000000.0,346050000000.0,205700000000.0,134039999.99999999,87880000.0,143450000.0,-7520000.0,29250000.0,-55880000.0,20970000.0,2.57,-471050000000.0,DOWNTREND,BELOW MA200,DEATH CROSS 🩸,37.94,-6.63,-4.42,+6.61 M,-5.19 M,-5.19 M,+5.86 M,+4.35 M,-54.18 M,+214.34 M,-3.01 B,-54179800.0
BBRM,Industrials,Marine Shipping,108.0,8.03,1.11,0.15,0.149,6.07,-80170000000.0,365530000000.0,31250000000.0,0.0715,0.6,0.22,,,-,,,Negatif/Deklinasi,4.24,55130000.0,-57780000.0,915780000000.0,13640000.0,2960000.0,110000.0,22640000.0,2200000.0,242960000000.0,6810000.0,121120000000.0,104470000000.0,117290000000.0,7850000.0,5630000.0,47280000.0,-320000.0,7140000.0,-3850000.0,-1290000.0,18.23,47640000000.0,DOWNTREND,BELOW MA200,TERKONFIRMASI,43.52,-2.5,-2.23,-4.65 M,-6.44 M,+7.30 M,+7.30 M,+8.24 M,-79.56 M,+869.54 M,+3.63 B,-79555900.0
BOAT,Energy,Oil & Gas Drilling,127.0,11.99,1.04,0.36,0.0863,6.32,-98270000000.0,4050000000.0,42750000000.0,0.0715,,0.22,,,-,,,,2.67,35580000.0,10290000.0,444710000000.0,490000.0,3350000.0,220000.0,5310000.0,5080000.0,311470000000.0,13590000.0,68310000000.0,50510000000.0,37140000000.0,11730000.0,6560000.0,23840000.0,-550000.0,7230000.0,-5420000.0,-1650000.0,5.15,31020000000.0,DOWNTREND,BELOW MA200,TERKONFIRMASI,43.35,-3.64,-2.97,+2.68 M,+2.68 M,+3.37 M,+4.42 M,+5.49 M,-74.67 M,+1.01 B,+1.35 B,-74671400.0
BULL,Industrials,Marine Shipping,344.0,4.04,1.2,0.6,0.3529,4.7,-1176780000000.0,-120770000000.0,351450000000.0,0.0715,1.24,0.22,,,-,,,,1.32,461340000.0,-158160000.0,5330000000000.0,18850000.0,29090000.0,8740000.0,82370000.0,89120000.0,3650000000000.0,117030000.0,1560000000000.0,1390000000000.0,1360000000000.0,199490000.0,108290000.0,261850000.00000003,-8710000.0,73750000.0,-97130000.0,38690000.0,8.91,142500000000.0,DOWNTREND,BELOW MA200,TERKONFIRMASI,36.05,-18.77,-17.72,-5.52 B,-7.14 B,+2.20 B,+4.99 B,+4.44 B,-16.91 B,+36.92 B,+68.23 B,-16910298600.0
DCII,Real Estate,Real Estate Services,199475.0,425.72,100.36,0.54,0.26739999999999997,279.19,-2413720000000.0,39500000000.0,307560000000.0,0.0715,0.26,0.22,,,-,,,33.64,104.82,8016886000000.0,3938501000000.0,475500000000000.0,322516000000.0,703610000000.0,14038000000.0,1072220000000.0,1032722000000.0,2980000000000.0,1441430000000.0,1540000000000.0,1400000000000.0,1120000000000.0,3278777000000.0,2180770000000.0,4738109000000.0,-119054000000.0,1485664000000.0,-2927157000000.0,1255931000000.0,11.79,-928060000000.0,UPTREND,BELOW MA200,TERKONFIRMASI,51.1,-275.1,-391.15,-10000,-15000,+2.46 M,-1.95 M,+890000,-257500,+44.21 M,+56.19 M,-257500.0
DSSA,Energy,Thermal Coal,1100.0,32.9,3.21,0.63,0.18789999999999998,18.93,-7654060000000.0,17460000000000.0,1580000000000.0,0.0715,-1.03,0.22,,,-,,,Negatif/Deklinasi,7.36,6076000000.0,2583000000.0,170210000000000.0,723340000.0,514409999.99999994,162990000.0,2288000000.0,1312000000.0,57970000000000.0,2153000000.0,19450000000000.0,9270000000000.0,5510000000000.0,3028000000.0,1591000000.0,3048000000.0,-80140000.0,299180000.0,-369650000.0,360480000.0,6.46,-2302080000000.0,UPTREND,BELOW MA200,TERKONFIRMASI,51.45,18.68,16.77,-7.33 B,-15.71 B,-11.02 B,-10.21 B,-4.92 B,-6.46 B,+359.22 B,+669.83 B,-6460780000.0
EDGE,Technology,Information Technology Services,4790.0,159.38,5.34,3.36,0.0341,20.5,-4169590000000.0,-1853920000000.0,222640000000.0,0.0715,0.51,0.22,,,-,,,-13.54,0.72,10987842000000.0,1204471000000.0,9680000000000.0,507584000000.0,242448000000.0,,1236236000000.0,3090157000000.0,958900000000.0,494421000000.0,464480000000.0,313080000000.0,60720000000.0,9174885000000.0,6040705000000.0,1812957000000.0,-166530000000.0,174016000000.0,-4340635000000.0,4405774000000.0,1.88,-3995580000000.0,DOWNTREND,ABOVE MA200,TERKONFIRMASI,53.32,0.0,0.0,0,0,0,0,0,0,0,0,0.0
INET,Communication Services,Telecom Services,246.0,51.92,1.56,0.47,0.024900000000000002,30.38,-485450000000.0,3060000000000.0,24370000000.0,0.0715,-0.42,0.22,0.08,0.0003,-,Annual,0.02413308,-30.8,1.99,6111011000000.0,64000000000.0,5500000000000.0,4336913000000.0,289944000000.0,,4720208000000.0,1664779000000.0,973270000000.0,824362000000.0,148910000000.0,92060000000.0,50510000000.0,2302084000000.0,597108000000.0,3808927000000.0,-50545000000.0,371616000000.0,-1017846000000.0,4887194000000.0,1.82,-113830000000.0,UPTREND,BELOW MA200,TERKONFIRMASI,32.3,-14.4,-7.19,-7.75 B,-9.05 B,-6.78 B,-5.95 B,-7.01 B,-36.46 B,+162.92 B,+152.03 B,-36464837600.0
MGLV,Consumer Discretionary,"Furnishings, Fixtures & Appliances",12500.0,,208.44,0.22,-0.25129999999999997,,-448040000.0,96740000000.0,2490000000.0,0.0715,1.03,0.22,,,-,,,,52.77,184044000000.0,30536000000.0,23810000000000.0,1292000000.0,1247000000.0,128686000000.0,161356000000.0,64614000000.0,51260000000.0,42901000000.0,8359999999.999999,-32990000000.000004,-32650000000.0,69810000000.0,4035000000.0,114234000000.0,-1359000000.0,-13288000000.0,1604000000.0,11087000000.0,-24.27,-13740000000.0,UPTREND,ABOVE MA200,TERKONFIRMASI,38.43,272.15,711.46,-404.48 M,-718.98 M,-613.77 M,-1.67 B,-1.80 B,+1.28 B,+13.89 B,+15.23 B,1277782500.0
EXCL,Communication Services,Telecom Services,2340.0,,1.47,2.04,-0.1344,5.27,-13206080000000.0,-25158340000000.0,13640000000000.0,0.0715,-0.05,0.22,244.7,0.10460000000000001,MAY,Annual,,,0.47,113545920000000.0,55632000000.0,42590000000000.0,2016214000000.0,4481676000000.0,148470000000.0,11709644000000.0,36867986000000.0,47340000000000.0,20954021000000.0,26390000000000.0,-1245460000000.0,-4197250000000.0,84499451000000.0,17899272000000.0,29046469000000.0,-3934662000000.0,22366453000000.0,-11084389000000.0,-10482261000000.0,-0.32,9160000000000.0,DOWNTREND,BELOW MA200,TERKONFIRMASI,38.18,-74.23,-71.99,0,-393.75 M,-179.24 M,-457.45 M,-546.62 M,-4.91 B,+1.53 B,-3.68 B,-4911703000.0
FREN,Communication Services,Telecom Services,,,0.51,0.84,-0.0698,12.14,-1217390000000.0,-1731690000000.0,,0.0715,0.68,0.22,,,-,,,,,43184370000000.0,-26330709000000.0,10960000000000.0,155311000000.0,244210000000.0,55813000000.0,4357734000000.0,6089420000000.0,11420000000000.0,718362000000.0,10700000000000.0,-309350000000.0,-1294920000000.0,21736030000000.0,6499178000000.0,21448340000000.0,,2365219000000.0,-1533396000000.0,-902526000000.0,,1150000000000.0,N/A,N/A,N/A,,,,N/A,N/A,N/A,N/A,N/A,N/A,N/A,N/A,0.0
ISAT,Communication Services,Telecom Services,2140.0,9.57,1.79,1.76,0.2024,4.72,-13386570000000.0,-13122950000000.0,9720000000000.0,0.0715,-0.25,0.22,83.8,0.0392,MAY,Annual,0.03248519999999999,-5.66,1.21,138306488000000.0,18154258000000.0,69019999999999.99,15781626000000.0,3693190000000.0,61201000000.0,26063253000000.0,39186201000000.0,60060000000000.0,26964826000000.0,33100000000000.0,12190000000000.0,7480000000000.0,98211011000000.0,11640856000000.0,40095477000000.0,-4219093000000.0,23738631000000.0,-11389423000000.0,-1864882000000.0,2.89,10350000000000.0,UPTREND,BELOW MA200,TERKONFIRMASI,34.03,-44.8,-23.07,-3.14 B,-3.14 B,-3.14 B,-3.74 B,-4.07 B,-2.57 B,+88.63 B,+101.04 B,-2573017000.0
TLKM,Communication Services,Telecom Services,2260.0,12.45,1.65,0.6,0.17679999999999998,3.77,-22835000000000.0,-21426000000000.0,27890000000000.0,0.0715,0.15,0.22,223.17,0.09880000000000001,JUN,Annual,,-6.28,2.4,303087000000000.0,101815000000000.0,222790000000000.0,54579000000000.0,14270000000000.0,788000000000.0,80932000000000.0,102358000000000.0,149620000000000.0,59907000000000.0,89710000000000.0,36190000000000.0,17960000000000.0,168239000000000.0,27622000000000.0,134848000000000.0,-4638000000000.0,66131000000000.0,-25468000000000.0,-20180000000000.0,7.8,43300000000000.0,DOWNTREND,BELOW MA200,TERKONFIRMASI,28.79,-89.92,-77.07,-6.33 B,-1.13 B,-2.75 B,+1.58 B,+1.58 B,-60.11 B,-34.65 B,-218.10 B,-60113182000.0
LINK,Communication Services,Telecom Services,1560.0,,1.56,3.12,-0.4575,5.28,-1119180000000.0,-7353180000000.0,3430000000000.0,0.0715,0.23,0.22,,,-,,,,-0.36,13530752000000.0,-369147000000.0,4300000000000.0,213035000000.0,,,2232374000000.0,9585550000000.0,2870000000000.0,1797650000000.0,1080000000000.0001,-1076060000000.0,-1608830000000.0,10807081000000.0,1147115000000.0,2723671000000.0,-479057000000.0,-91596000000.0,-1159330000000.0,1324887000000.0,-2.25,-1210770000000.0,UPTREND,BELOW MA200,TERKONFIRMASI,47.95,-5.48,9.39,+132000,+216000,+11000,-501000,+178500,-289000,+19.25 M,-65.33 M,-289000.0
MORA,Communication Services,Telecom Services,4850.0,199.6,12.72,0.94,0.052000000000000005,101.12,-2615190000000.0,2190000000000.0,1040000000000.0,0.0715,0.31,0.22,,,-,,,-26.82,4.05,43126828000000.0,4208913000000.0,231700000000000.0,2824206000000.0,1165712000000.0,1486988000000.0,8954743000000.0,6759832000000.0,4960000000000.0,2293978000000.0,2660000000000.0,1360000000000.0,589980000000.0,24427045000000.0,15666893000000.0,18699783000000.0,-547286000000.0,1925896000000.0,-981203000000.0,660418000000.0,2.49,-689300000000.0,DOWNTREND,BELOW MA200,TERKONFIRMASI,46.16,-138.9,-183.68,-8.37 M,-20.25 M,+165.64 M,+224.77 M,+206.11 M,-10.72 M,+47.85 M,+19.56 B,-10720000.0
MTEL,Communication Services,Telecom Services,448.0,17.03,1.13,0.66,,7.09,-2146239999999.9998,-6639040000000.0,2120000000000.0,0.0715,-0.13,0.22,25.65,0.0572,MAY,Annual,,1.42,1.29,60105879000000.0,2290564000000.0,36200000000000.0,1952092000000.0,2243421000000.0,,4578241000000.0,11217278000000.0,9630000000000.0,1079403000000.0,8550000000000.001,4170000000000.0,2140000000000.0002,28054570000000.0,14551657000000.0,32051309000000.0,-1226112000000.0,6670152000000.0,-2171742000000.0,-5314682000000.0,3.4,4520000000000.0,UPTREND,BELOW MA200,TERKONFIRMASI,41.03,-6.26,-3.16,-29.53 M,-22.50 M,+43.41 M,+27.67 M,+27.67 M,+172.79 M,+3.18 B,+2.67 B,172794600.0
TBIG,Communication Services,Telecom Services,1400.0,22.18,2.37,2.21,0.1245,10.45,-2416680000000.0,-18779900000000.0,1080000000000.0001,0.0715,-0.15,0.22,47.0,0.0336,MAY & DEC,Annual,0.08287965,-2.85,0.87,48241918000000.0,6322892000000.0,31570000000000.0,700340000000.0,1220893000000.0,,3601762000000.0,22381662000000.0,6920000000000.0,1972018000000.0,4950000000000.0,4330000000000.0,1440000000000.0,34691915000000.0,12039999000000.0,13550003000000.0,-2024612000000.0,5368178000000.0,-2884058000000.0,-2601365000000.0,2.14,2950000000000.0,UPTREND,BELOW MA200,TERKONFIRMASI,39.67,-9.55,-3.15,-2.14 M,-2.52 M,-2.52 M,-5.48 M,-3.68 M,-9.36 M,+363.12 M,-1.24 B,-9358500.0
TOWR,Real Estate,Real Estate Services,434.0,6.55,0.88,1.57,0.16140000000000002,6.41,-3633400000000.0,-25183450000000.0,1990000000000.0,0.0715,-0.02,0.22,13.76,0.0317,MAY & DEC,Semi-Annual,0.12816774000000003,-0.47,0.85,81842468000000.0,23068081000000.0,25220000000000.0,941560000000.0,3950777000000.0,954383000000.0,6456210000000.0,31639656000000.0,14140000000000.0,1582798000000.0,12560000000000.0,7880000000000.0,3880000000000.0,52754673000000.0,19245405000000.0,29087795000000.0,-2605234000000.0,8836275000000.0,-3423555000000.0,-5252710000000.0,3.03,5200000000000.0,DOWNTREND,BELOW MA200,TERKONFIRMASI,55.85,-1.74,-5.24,-441.52 M,+142.41 M,+1.48 B,+1.35 B,+1.80 B,-4.32 B,+8.84 B,+9.03 B,-4321568600.0
GLVA,Technology,Electronics & Computer Distribution,326.0,13.88,1.09,0.64,0.08869999999999999,5.75,-20220000000.0,379690000000.0,45760000000.0,0.0715,0.59,0.22,10.0,0.030699999999999998,MAY,Annual,0.03133770999999999,-2.6,3.71,966139000000.0,284291000000.0,489000000000.0,89177000000.0,251746000000.0,508523000000.0,894154000000.0,514466000000.0,1900000000000.0,1659456000000.0,245080000000.0,72880000000.0,34790000000.0,522925000000.0,2141000000.0,443214000000.0,-24157000000.0,745153000000.0,-48286000000.0,-699442000000.0,3.02,724930000000.0,UPTREND,BELOW MA200,TERKONFIRMASI,51.85,0.41,1.73,+43600,+43600,+196400,-50800,-30400,+3.49 M,+7.12 M,-6.28 M,3490000.0
MLPT,Technology,Information Technology Services,880.0,119.21,59.08,0.29,0.5388000000000001,70.7,-108360000000.0,80920000000.0,235930000000.0,0.0715,0.92,0.22,5.34,0.0060999999999999995,JUN,Semi-Annual,0.17392464,7.34,22.24,3736688000000.0,451277000000.0,41250000000000.0,499334000000.0,728905000000.0,1414715000000.0,2821303000000.0,2740385000000.0,3930000000000.0,3280087000000.0,648020000000.0,380690000000.0,369610000000.0,2990887000000.0,113214000000.0,745801000000.0,-24983000000.0,616234000000.0,-93931000000.0,-348715000000.0,15.24,507870000000.0,DOWNTREND,BELOW MA200,TERKONFIRMASI,28.69,-90.47,-82.89,-72.19 M,-80.41 M,-72.27 M,-77.29 M,-65.73 M,-541.43 M,+36.90 B,+37.94 B,-541430500.0
KETR,Technology,Communication Equipment,855.0,35.7,2.11,0.59,0.061,13.93,-62050000000.0,1010000000000.0,31080000000.0,0.0715,0.55,0.22,,,-,,,-14.88,2.39,2346920000000.0,823162000000.0,2430000000000.0,196719000000.0,,852228000000.0,1604956000000.0,598262000000.0,623650000000.0,304180000000.0,319470000000.0,186560000000.0,72830000000.0,1117505000000.0,502890000000.0,1229416000000.0,-59848000000.0,152373000000.0,-40805000000.0,-89007000000.0,3.12,90320000000.0,UPTREND,ABOVE MA200,TERKONFIRMASI,44.25,27.22,48.28,-2.29 B,-2.64 B,-2.88 B,-3.19 B,-3.83 B,+1.50 B,+53.91 B,+90.24 B,1501214000.0
